timestamp,h_day,G_Dh_min,G_Dh_mean,G_Dh_var,G_Bn_min,G_Bn_mean,G_Bn_var,Ta_min,Ta_mean,Ta_var,FF_min,FF_mean,FF_var,DD_min,DD_mean,DD_var
2017-01-01,9.0,0.0,34.833333333333336,58.5845109865759,0.0,32.083333333333336,55.71973084821122,5.8,9.3,1.9871325200333052,1.2,2.3958333333333335,0.8645074831404277,36.0,216.375,68.83996090492283
2017-01-02,9.0,0.0,16.791666666666668,26.335591996328873,0.0,208.41666666666666,344.33463459215096,0.2,3.8333333333333335,2.2676681504531717,0.2,2.275000000000001,1.1163800194495093,35.0,203.20833333333334,72.03741731040628
2017-01-03,9.0,0.0,17.541666666666668,29.476562785087214,0.0,0.0,0.0,2.8,4.2625,1.1123076287024043,0.2,1.629166666666667,1.381391600388242,22.0,233.70833333333334,88.50127936518975
2017-01-04,9.0,0.0,20.25,33.682984996298494,0.0,0.0,0.0,1.4,2.9875000000000007,0.7668753654192814,1.1,2.2583333333333333,1.051258734820421,20.0,201.95833333333334,82.3399523537826
2017-01-05,9.0,0.0,32.5,53.33487316617688,0.0,57.666666666666664,106.08719410759805,-0.1,2.725,2.211285284330281,1.4,2.879166666666667,0.8592105409171775,7.0,163.875,85.62217942037947
2017-01-06,9.0,0.0,24.625,40.0378217928129,0.0,0.0,0.0,0.3,1.4541666666666666,0.6934345313548802,0.5,3.4499999999999997,1.7275265051763915,9.0,123.0,108.45916883485613
2017-01-07,9.0,0.0,15.708333333333334,25.979053714176306,0.0,0.0,0.0,0.7,2.408333333333333,1.0874448178570064,0.4,0.9375,0.5139890880249265,217.0,261.375,33.88447444915814
2017-01-08,9.0,0.0,18.333333333333332,30.008211436591626,0.0,0.0,0.0,-0.2,1.1666666666666667,0.6728696925768063,0.3,2.2166666666666663,1.4104167335645308,25.0,195.41666666666666,89.72029806046106
2017-01-09,9.0,0.0,19.125,38.15222655762502,0.0,46.916666666666664,109.05440073119736,-1.2,0.3791666666666666,1.3554973952043572,2.2,3.6250000000000004,0.8226415564720654,10.0,102.45833333333333,84.26355092501593
2017-01-10,9.0,0.0,20.375,32.91466238623754,0.0,0.0,0.0,0.0,0.9041666666666668,0.7821259582015889,2.4,5.191666666666667,2.5540958864344643,0.0,188.54166666666666,127.20848316211382
2017-01-11,9.0,0.0,40.0,64.99565202849108,0.0,35.125,52.86431565399497,-0.8,1.9333333333333336,2.4602344650842545,2.2,5.083333333333334,1.1753507031360124,10.0,122.83333333333333,121.23662334698913
2017-01-12,9.0,0.0,35.833333333333336,55.55542995154883,0.0,98.20833333333333,185.1312059210902,-6.1,-3.7041666666666657,1.524432657593057,0.5,2.916666666666666,1.8025746481959741,3.0,190.41666666666666,94.54325748688737
2017-01-13,9.0,0.0,28.541666666666668,50.0573403092951,0.0,3.5416666666666665,16.518709199667764,-5.1,-1.6375,2.212771722444992,0.8,2.604166666666667,0.924769849942308,29.0,193.75,81.19447935827206
2017-01-14,9.0,0.0,21.75,32.229138854526475,0.0,244.875,369.5220547045108,-4.6,-1.0041666666666667,2.828500780743514,0.1,1.0666666666666664,0.6531972647421808,196.0,255.41666666666666,30.775366584425868
2017-01-15,9.0,0.0,18.083333333333332,26.717388356269222,0.0,212.54166666666666,325.02267200741636,-5.5,-2.9333333333333336,2.2003293561106525,1.4,4.329166666666667,1.914811641699623,4.0,114.41666666666667,108.84968361547224
2017-01-16,9.0,0.0,17.166666666666668,25.397135522606153,0.0,240.16666666666666,363.74461498080797,-5.2,-0.1375000000000001,4.293353052659729,1.4,2.7000000000000006,0.9468483189668948,24.0,194.45833333333334,81.12844307246579
2017-01-17,9.0,0.0,28.0,44.08193951386835,0.0,0.20833333333333334,1.0206207261596576,0.5,2.2208333333333328,1.2093761117659574,1.3,3.0958333333333337,1.030187474144419,29.0,166.04166666666666,76.2852080747932
2017-01-18,9.0,0.0,7.75,12.273159119909133,0.0,0.0,0.0,1.8,3.4083333333333337,0.6613008699372102,1.2,3.7708333333333335,1.848731449133295,5.0,149.04166666666666,120.07515007971745
2017-01-19,9.0,0.0,7.916666666666667,12.55913548210907,0.0,0.0,0.0,3.4,4.858333333333333,0.6226986616240685,4.1,5.816666666666667,0.9626352718795769,5.0,97.29166666666667,124.54420523641802
2017-01-20,9.0,0.0,19.666666666666668,31.16250069033874,0.0,0.0,0.0,3.5,4.5375,0.6546240208666744,1.7,3.9541666666666675,1.2363969978254896,20.0,150.95833333333334,102.30834857628089
2017-01-21,9.0,0.0,23.916666666666668,40.0140373919678,0.0,0.0,0.0,4.6,6.75,1.5866289119853532,2.2,6.304166666666667,2.0916977017155993,3.0,203.16666666666666,143.69583415542425
2017-01-22,10.0,0.0,36.625,59.597061862215114,0.0,76.58333333333333,165.13918152686333,4.4,7.383333333333334,2.551839347994111,1.3,3.6250000000000004,2.0824838847959386,6.0,154.33333333333334,106.9874704840698
2017-01-23,10.0,0.0,36.083333333333336,55.44203135329468,0.0,100.625,154.7589464998361,0.8,4.050000000000001,2.422359611403006,0.1,1.1708333333333332,0.8099807655615718,112.0,261.7083333333333,45.84897625016729
2017-01-24,10.0,0.0,36.5,57.40852837719133,0.0,1.5833333333333333,3.3868886153450073,-1.1,0.6749999999999999,1.104634505754889,0.0,0.7041666666666667,0.5103103630798288,231.0,280.8333333333333,28.71549599336443
2017-01-25,10.0,0.0,22.166666666666668,35.01759392159848,0.0,0.0,0.0,0.0,1.6624999999999996,1.3249487274739287,0.7,1.2375000000000005,0.3536302416735409,218.0,253.25,20.349660824008208
2017-01-26,10.0,0.0,45.833333333333336,72.08006820116125,0.0,47.333333333333336,78.91418931575183,2.3,6.179166666666666,3.3900082296509915,0.8,2.4458333333333337,1.2392070278896157,12.0,175.91666666666666,91.49859427129567
2017-01-27,10.0,0.0,27.125,52.7976551686185,0.0,24.208333333333332,63.55687570417038,3.1,5.591666666666668,1.330876359418098,3.5,7.433333333333333,2.090489159870539,10.0,275.7083333333333,125.88693310878709
2017-01-28,10.0,0.0,20.791666666666668,29.794921024238008,0.0,220.25,336.95364795408466,-1.9,3.295833333333333,3.4603944443003796,2.6,5.5874999999999995,2.419901632927148,4.0,197.16666666666666,132.9608202071006
2017-01-29,10.0,0.0,20.125,31.29982983701488,0.0,0.0,0.0,3.3,4.754166666666666,1.1765754162589528,1.8,3.116666666666667,0.896692796343593,32.0,177.41666666666666,74.27441286066892
2017-01-30,10.0,0.0,11.666666666666666,17.848801364375355,0.0,0.0,0.0,4.3,5.270833333333334,0.4903230227785222,0.9,2.866666666666667,1.573052050513012,26.0,199.5,91.10242682779116
2017-01-31,10.0,0.0,27.416666666666668,42.12292225985924,0.0,0.0,0.0,5.8,8.312499999999998,1.7942692590336167,0.7,2.4499999999999997,1.101777220438988,1.0,197.70833333333334,78.69726207417266
2017-02-01,10.0,0.0,35.666666666666664,55.11858099601706,0.0,0.08333333333333333,0.28232985128663995,4.5,6.691666666666666,1.164293652883553,0.6,3.0125000000000006,1.3022764349566793,24.0,170.54166666666666,93.2234245458617
2017-02-02,10.0,0.0,40.833333333333336,60.616877163884396,0.0,117.25,180.4943091960905,2.3,5.779166666666666,2.718052238463141,0.7,3.9958333333333336,1.7843471992681896,196.0,265.9583333333333,24.980825980472844
2017-02-03,10.0,0.0,54.166666666666664,83.75256863895692,0.0,41.875,70.46202338231876,-0.1,3.2708333333333335,2.079397731925336,0.1,0.7708333333333334,0.43686548189959146,1.0,132.54166666666666,98.49386613727104
2017-02-04,10.0,0.0,25.291666666666668,34.57754884398214,0.0,218.625,332.5363415903003,-4.3,-0.1458333333333332,2.7897294814569644,0.7,2.5708333333333337,1.2729558777375856,4.0,156.25,98.52267450340733
2017-02-05,10.0,0.0,45.208333333333336,66.9405831067124,0.0,139.54166666666666,214.44366426856155,-2.4,1.9749999999999999,3.602444822013541,1.3,3.5541666666666676,0.9329612353504656,0.0,176.58333333333334,117.53368311538046
2017-02-06,10.0,0.0,52.791666666666664,79.55746032116424,0.0,12.75,20.477453136474804,-1.1,1.025,1.3810046752431644,1.0,2.7125000000000004,1.145620204157518,4.0,188.25,115.1030729012234
2017-02-07,10.0,0.0,31.75,58.17757673522169,0.0,35.625,91.19869016031164,0.0,2.5416666666666665,2.1683326928003153,0.3,1.845833333333333,0.8787239595580908,7.0,150.625,105.72721771245752
2017-02-08,10.0,0.0,27.458333333333332,37.41538763509016,0.0,225.125,318.0026404730408,-3.7,0.2875000000000001,2.898022189131003,0.4,1.929166666666667,0.9336600101175767,203.0,283.125,27.877546676414205
2017-02-09,10.0,0.0,39.208333333333336,55.619811270779245,0.0,163.91666666666666,231.99867253493284,-4.9,-0.6000000000000002,3.200543432117359,0.4,3.516666666666667,2.1475297571794,177.0,272.7916666666667,42.712363719334846
2017-02-10,10.0,0.0,49.708333333333336,74.69152746705826,0.0,4.0,7.265164051530577,-1.6,0.6749999999999999,1.8519672266796874,0.7,2.0000000000000004,0.9568971595281509,1.0,228.5,63.5726219442738
2017-02-11,10.0,0.0,55.416666666666664,84.14940991121563,0.0,73.625,129.5741562060959,-2.1,1.6375,2.8544111552960025,1.3,4.583333333333333,1.8513606433874674,18.0,191.375,120.25075702554805
2017-02-12,10.0,0.0,47.375,70.94934659747541,0.0,1.8333333333333333,3.7609742801875004,-0.6,1.3208333333333333,1.3335076878755476,2.5,4.7375,1.1890121950594115,6.0,153.20833333333334,124.08516681371876
2017-02-13,10.0,0.0,56.375,83.73499216602028,0.0,7.791666666666667,13.75556540859535,0.8,3.554166666666667,2.6145045530599127,1.7,5.154166666666668,1.65607686407067,8.0,125.70833333333333,120.19602799147539
2017-02-14,11.0,0.0,50.333333333333336,72.52325963720742,0.0,106.08333333333333,216.70856339627042,-5.4,-2.2374999999999994,1.8661311990784337,1.1,3.8791666666666664,2.1380566484272716,70.0,234.125,52.261310404709434
2017-02-15,11.0,0.0,50.458333333333336,76.41646713422023,0.0,14.791666666666666,31.249318833155897,-5.3,-1.4833333333333336,2.821758111635317,7.5,9.658333333333333,1.4349418005670105,2.0,219.33333333333334,105.14406955372633
2017-02-16,10.0,0.0,40.083333333333336,70.1432798644669,0.0,15.166666666666666,36.30866068281382,0.0,2.8499999999999996,2.0370481627569106,2.1,5.458333333333333,1.4652249171956553,42.0,235.125,64.7841315111361
2017-02-17,11.0,0.0,62.416666666666664,90.70492852084176,0.0,57.041666666666664,100.7780510811265,1.0,4.683333333333333,2.9381547990513375,4.4,6.933333333333334,1.2726783352157514,12.0,178.79166666666666,117.42489891014584
2017-02-18,10.0,0.0,53.041666666666664,79.67514432486712,0.0,76.08333333333333,193.14016461732083,-0.9,2.3083333333333336,2.397447313954658,2.1,5.020833333333334,1.6413089067985445,25.0,209.83333333333334,77.85363450602098
2017-02-19,11.0,0.0,68.70833333333333,97.90167168562844,0.0,49.666666666666664,84.2608097395878,0.0,3.9499999999999993,3.0089720908440247,0.7,2.729166666666666,1.3722337127176407,3.0,195.625,118.44125768387941
2017-02-20,11.0,0.0,55.0,77.69337725678565,0.0,24.375,53.212300392329205,2.5,5.420833333333333,2.0984423139384925,0.8,2.3874999999999997,1.2470181826365192,15.0,170.04166666666666,106.42142607358835
2017-02-21,11.0,0.0,34.916666666666664,47.49912279891773,0.0,248.5,317.7366971183092,3.4,9.65,5.0647116746983825,2.5,4.2625,1.3949637676454105,8.0,207.75,103.63869094536831
2017-02-22,11.0,0.0,28.75,36.02565510975417,0.0,266.9166666666667,348.23816396337105,5.4,10.6625,3.8259767153090403,0.1,2.3000000000000003,1.5217267080238304,29.0,164.5,82.95624829049818
2017-02-23,11.0,0.0,48.166666666666664,72.64964565978799,0.0,1.75,5.383146001137738,3.1,6.091666666666668,1.4040056567044057,1.3,4.179166666666666,1.6304118355873123,1.0,204.16666666666666,134.83795964905002
2017-02-24,12.0,0.0,58.666666666666664,88.29972015646564,0.0,60.666666666666664,109.1826020010063,2.7,6.504166666666667,2.9608281988640286,0.5,3.0208333333333326,1.3335076878755474,8.0,169.375,90.89641141813934
2017-02-25,11.0,0.0,43.041666666666664,79.999716937905,0.0,20.875,45.56725798202038,3.5,5.012499999999999,1.400407549375476,1.5,3.204166666666666,1.1039372881789455,2.0,161.25,155.59039033699153
2017-02-26,11.0,0.0,69.25,95.20424268953015,0.0,8.875,11.884635678782557,1.1,4.341666666666667,2.182124347205417,0.0,1.2958333333333334,0.9516480746426247,0.0,156.0,101.93305561046895
2017-02-27,11.0,0.0,47.833333333333336,82.13544840114997,0.0,23.208333333333332,50.31291576477776,4.3,7.716666666666666,2.75786096485107,1.1,2.6125000000000003,1.1561978542883002,3.0,151.95833333333334,129.08456249824113
2017-02-28,11.0,0.0,45.666666666666664,76.18322688079716,0.0,47.375,102.92370010584666,6.2,8.666666666666666,2.0096866869515124,0.7,3.441666666666666,2.123761361085699,9.0,174.16666666666666,99.28293634494985
2017-03-01,12.0,0.0,63.958333333333336,85.3562759296568,0.0,58.5,98.40334034627253,3.3,6.333333333333333,1.6856598931463957,0.7,1.9333333333333333,1.1980660744886233,41.0,183.5,84.38885152002938
2017-03-02,12.0,0.0,33.791666666666664,41.84233259632461,0.0,272.6666666666667,351.716742090374,0.9,5.9875,4.000033967247083,0.4,3.6374999999999997,2.078003326774757,15.0,143.54166666666666,82.49583871806566
2017-03-03,11.0,0.0,36.708333333333336,44.956480566516056,0.0,262.1666666666667,338.6859089592247,-0.6,3.987500000000001,3.2214380396770412,2.4,3.583333333333334,0.678019280645865,9.0,187.83333333333334,109.50031434009543
2017-03-04,12.0,0.0,80.25,110.19360432794005,0.0,22.583333333333332,33.1267876192518,-0.4,2.358333333333333,1.9212578910854134,0.7,3.224999999999999,1.7732921974089049,32.0,148.54166666666666,83.35882581094644
2017-03-05,12.0,0.0,77.54166666666667,107.30248960467934,0.0,10.875,20.358338746610418,0.6,3.3791666666666664,2.147593024085674,0.3,1.4208333333333332,1.2318170271618254,208.0,272.5416666666667,38.43229978373225
2017-03-06,12.0,0.0,83.66666666666667,114.26044492895308,0.0,29.291666666666668,40.69769694014496,1.8,4.958333333333334,2.562423558421524,1.8,3.8416666666666672,1.70368313717195,25.0,226.54166666666666,78.12029695989031
2017-03-07,12.0,0.0,29.5,35.654135683036095,0.0,310.125,391.31931945996314,-0.8,4.658333333333333,4.033545928041875,0.8,4.379166666666667,2.455336542356645,107.0,268.9583333333333,55.900905465690435
2017-03-08,12.0,0.0,25.291666666666668,30.780399136698872,0.0,347.7083333333333,436.4428822798622,-3.6,0.4625000000000001,2.643418817266432,1.0,3.641666666666667,2.249428268745613,54.0,223.20833333333334,46.07741988423838
2017-03-09,12.0,0.0,32.25,38.678440236524985,0.0,304.75,382.85793142127005,-3.8,1.3833333333333335,4.2356321500036955,1.1,3.733333333333334,1.6193575394518995,13.0,143.125,76.78898953003274
2017-03-10,12.0,0.0,51.833333333333336,65.62784845439947,0.0,229.08333333333334,291.8978255823605,-2.5,2.908333333333333,3.859141227591024,1.0,3.1624999999999996,1.9157953280897297,15.0,163.16666666666666,76.44814478180429
2017-03-11,12.0,0.0,50.708333333333336,71.96042340225553,0.0,0.4583333333333333,1.3180739131701646,3.4,5.233333333333333,1.6289945329576148,0.1,0.5291666666666667,0.4048393848629748,2.0,118.25,80.97517064427569
2017-03-12,12.0,0.0,81.58333333333333,107.85211963677362,0.0,8.666666666666666,11.867627383354472,1.8,4.266666666666667,1.8181851119864763,0.3,0.9541666666666665,0.5992598091317152,53.0,153.08333333333334,70.00119046606754
2017-03-13,12.0,0.0,85.45833333333333,115.1199673560498,0.0,139.20833333333334,181.6310113261563,0.6,5.670833333333333,3.6990573613177236,0.6,2.8000000000000003,2.0606035418104423,26.0,173.25,92.99006492046902
2017-03-14,12.0,0.0,49.083333333333336,78.74886702658658,0.0,99.83333333333333,242.63027279249866,3.8,6.625,2.473204223357785,1.6,3.904166666666668,1.7017840170185257,33.0,190.375,79.84594541991471
2017-03-15,12.0,0.0,53.416666666666664,69.49251862558685,0.0,259.2916666666667,312.70801482570266,1.6,7.641666666666666,4.400288198730176,2.4,4.566666666666666,1.4333501852733643,3.0,129.70833333333334,105.65179854707578
2017-03-16,12.0,0.0,85.08333333333333,111.4153672433521,0.0,57.958333333333336,108.58556200233214,4.5,8.175000000000002,2.598703690220418,2.6,4.8916666666666675,1.439781585690258,26.0,99.20833333333333,67.0366409651025
2017-03-17,12.0,0.0,43.875,52.57401614783716,0.0,296.4583333333333,349.6864408067004,5.8,12.745833333333332,5.516692390149755,0.4,1.8249999999999995,0.7536865915358117,3.0,222.54166666666666,155.3212601049184
2017-03-18,12.0,0.0,56.458333333333336,71.12205012858357,0.0,255.70833333333334,302.96713542053953,5.1,10.620833333333334,3.9704319299220985,0.2,2.1041666666666665,1.7511435187295206,4.0,185.33333333333334,155.55249824462777
2017-03-19,12.0,0.0,29.875,34.0234094603164,0.0,355.2083333333333,417.9480911357988,2.8,9.791666666666666,5.244534767501901,0.6,1.9583333333333333,1.240237237707811,10.0,102.04166666666667,118.73297742218136
2017-03-20,12.0,0.0,38.208333333333336,45.03619719704378,0.0,324.1666666666667,380.67590536772383,0.6,7.041666666666667,4.53353846509465,0.9,2.808333333333334,1.4151099716573468,0.0,147.5,96.03622504940064
2017-03-21,13.0,0.0,28.791666666666668,32.537575825185726,0.0,372.375,435.53213953188043,-0.3,7.391666666666667,5.401361878723508,1.3,4.658333333333333,3.9937904700723323,12.0,157.41666666666666,84.09048783856315
2017-03-22,12.0,0.0,79.0,113.10133970682338,0.0,58.791666666666664,154.4085431198863,6.4,10.016666666666667,3.097357452475544,1.6,4.154166666666668,2.137649901515512,74.0,249.83333333333334,49.63927851021298
2017-03-23,13.0,0.0,97.29166666666667,123.23165854059852,0.0,72.16666666666667,130.07912864923767,4.6,8.716666666666667,2.969799680942729,1.6,3.7416666666666676,1.5500116876604697,15.0,176.04166666666666,81.00535632674662
2017-03-24,13.0,0.0,99.66666666666667,130.00390183665112,0.0,113.95833333333333,161.36576846371122,4.2,9.5375,3.743262062635371,0.2,2.9500000000000006,2.698469775712669,8.0,132.20833333333334,123.30061502955557
2017-03-25,13.0,0.0,40.958333333333336,51.51654792535043,0.0,0.0,0.0,7.2,9.108333333333333,1.0962055768270234,1.2,2.9708333333333345,1.054381816275657,10.0,108.41666666666667,116.46679566620531
2017-03-26,13.0,0.0,106.125,136.57942823643427,0.0,66.25,91.49447595584546,3.3,7.920833333333334,3.0965589831669416,2.2,5.566666666666667,1.87144832698627,2.0,149.16666666666666,155.3905784919342
2017-03-27,13.0,0.0,104.54166666666667,130.9493692953142,0.0,102.04166666666667,128.39357940288158,6.2,12.204166666666667,4.596357647440895,1.9,2.9916666666666667,1.0274140889363585,18.0,188.95833333333334,76.52250545153179
2017-03-28,13.0,0.0,87.08333333333333,109.42693280535833,0.0,4.125,6.340432710511305,8.4,11.091666666666669,1.8849326286349743,4.6,7.2583333333333355,1.5455171265326684,15.0,161.04166666666666,88.53222413418136
2017-03-29,13.0,0.0,24.0,29.796410638808858,0.0,0.0,0.0,6.7,8.179166666666667,0.6050362307992062,1.8,3.9250000000000003,1.5447667616265202,20.0,94.625,69.16194763018173
2017-03-30,13.0,0.0,45.791666666666664,60.50941656266092,0.0,0.041666666666666664,0.2041241452319315,7.1,8.879166666666666,1.3612587418704944,1.7,5.170833333333333,1.9179878874048928,74.0,210.375,51.56997146132369
2017-03-31,13.0,0.0,82.33333333333333,102.66224345826492,0.0,228.5,266.72702215528534,4.5,11.670833333333336,5.3287145987904365,1.9,3.0416666666666665,0.8402466856546495,81.0,257.75,56.82409929659742
2017-04-01,13.0,0.0,99.29166666666667,127.84551790843261,0.0,45.5,93.48517669058323,1.7,4.008333333333334,1.660517642357259,1.5,3.454166666666667,1.2413103758832287,10.0,175.125,129.16599111557795
2017-04-02,13.0,0.0,58.166666666666664,73.02391905138471,0.0,0.20833333333333334,0.832970935693524,2.2,4.8,1.7589522573049732,3.5,5.545833333333333,1.5379204385670664,7.0,199.79166666666666,163.19153301956374
2017-04-03,13.0,0.0,84.79166666666667,104.35765390011522,0.0,3.0,4.91669737155728,0.9,2.8958333333333326,1.3485835295716333,0.1,2.329166666666666,1.5599551740122333,10.0,78.91666666666667,85.10398583966031
2017-04-04,13.0,0.0,97.0,122.11576830845891,0.0,148.45833333333334,197.4454199027663,0.1,5.425000000000001,3.887913266164434,0.1,0.7875,0.526111659499074,11.0,129.875,114.61061203616508
2017-04-05,13.0,0.0,101.75,126.84884877200346,0.0,132.29166666666666,192.20380468719105,5.0,9.933333333333335,3.3608573785331295,1.0,2.3666666666666667,0.9063383889929404,183.0,262.875,43.27898626555286
2017-04-06,13.0,0.0,33.166666666666664,40.083246708153105,0.0,0.0,0.0,7.5,8.841666666666665,0.5207992742486981,0.9,1.8333333333333333,0.6478504032008748,33.0,207.20833333333334,63.434991829476836
2017-04-07,13.0,0.0,82.75,117.33721378629389,0.0,19.25,37.55257184500035,9.3,12.5875,2.301665276159473,1.8,4.333333333333333,1.5832456116050553,20.0,174.08333333333334,88.23038846834666
2017-04-08,13.0,0.0,97.79166666666667,119.3445793624009,0.0,193.54166666666666,226.8690446178083,6.7,11.970833333333333,3.5583923051149733,1.8,4.629166666666667,1.5796199781473765,4.0,199.5,142.88609023487447
2017-04-09,13.0,0.0,89.66666666666667,114.54623773703851,0.0,62.75,148.0714428035097,7.2,10.329166666666664,1.9319913508373028,1.3,4.566666666666666,1.6742725004601555,106.0,236.41666666666666,46.482270268085685
2017-04-10,13.0,0.0,110.95833333333333,133.85536619041847,0.0,111.625,167.09456122598468,8.8,13.991666666666667,3.780259557072845,2.0,4.7625,1.9198760150185423,2.0,117.625,111.69827856678282
2017-04-11,13.0,0.0,98.29166666666667,132.84396835210936,0.0,81.625,173.25146652243356,10.9,14.645833333333336,2.992305954867622,0.5,1.9666666666666668,1.1051919631278175,6.0,146.95833333333334,100.94875116770312
2017-04-12,13.0,0.0,109.875,141.9324127273566,0.0,174.58333333333334,300.3714970363934,6.1,11.187500000000002,3.6194297533078923,1.1,4.6,2.0828492191143404,45.0,159.0,63.3602536226808
2017-04-13,13.0,0.0,98.875,114.86298548611126,0.0,220.41666666666666,218.4661781935427,3.5,9.345833333333333,4.161205841816891,1.3,2.5958333333333337,1.611232087745186,16.0,207.58333333333334,76.00281268632027
2017-04-14,14.0,0.0,123.08333333333333,147.67382290377157,0.0,99.33333333333333,160.73707038857418,5.3,9.65833333333333,3.2046049294137937,5.0,7.916666666666668,1.6150559733648393,14.0,159.58333333333334,87.39760053748697
2017-04-15,13.0,0.0,92.29166666666667,111.7615782025238,0.0,65.29166666666667,125.79295589826636,3.9,8.025,2.1258757786114777,5.5,9.008333333333335,2.033398668468024,6.0,171.45833333333334,94.95581543043045
2017-04-16,13.0,0.0,80.91666666666667,91.42586289336897,0.0,288.0416666666667,287.94315247626747,0.8,7.370833333333334,4.724264761445095,1.5,2.820833333333333,0.9762301789633633,8.0,249.45833333333334,86.74699802682895
2017-04-17,13.0,0.0,43.916666666666664,46.50377887091932,0.0,399.5,399.3871391976984,2.1,9.533333333333333,5.382311340151073,0.2,1.1125,0.5487634320431947,24.0,194.29166666666666,90.56704418690953
2017-04-18,14.0,0.0,108.875,138.20096032510992,0.0,44.208333333333336,102.83882669187896,3.8,6.354166666666668,2.0091051797226562,0.3,1.1208333333333333,0.5437224089285032,52.0,225.91666666666666,73.4870095983647
2017-04-19,14.0,0.0,76.16666666666667,127.10750898581765,0.0,119.66666666666667,281.0534014965014,2.0,5.862500000000001,3.414140989422108,0.4,2.1,1.2768847961381227,12.0,188.20833333333334,103.51642556772734
2017-04-20,15.0,0.0,83.45833333333333,105.78895280808807,0.0,157.5,299.38603841862766,2.2,6.670833333333333,3.4418750156256985,0.3,2.5416666666666674,1.6919031390372372,6.0,187.875,90.74345706440766
2017-04-21,14.0,0.0,104.125,147.97306232525244,0.0,107.08333333333333,179.66052932433843,2.9,7.020833333333335,2.9519307118454243,2.0,4.470833333333332,1.0002083116364644,9.0,153.75,71.07879889372016
2017-04-22,14.0,0.0,115.54166666666667,134.65123360053158,0.0,7.291666666666667,9.866408388707292,5.0,8.970833333333333,2.6755705066829933,1.2,3.016666666666666,0.6969914644020224,82.0,219.45833333333334,55.51966292237817
2017-04-23,14.0,0.0,115.79166666666667,134.52072061716856,0.0,6.916666666666667,9.131487171924105,7.5,10.6875,2.5350263698139655,0.8,5.5625,2.523250577778765,26.0,228.33333333333334,95.38237311709788
2017-04-24,15.0,0.0,140.75,160.02941305734475,0.0,55.291666666666664,61.84375766654901,4.5,8.700000000000003,2.9380561453184444,1.8,3.829166666666666,1.0238372691122302,2.0,145.04166666666666,153.77863230508714
2017-04-25,15.0,0.0,50.333333333333336,54.2431455631005,0.0,406.875,449.7192662964984,4.3,13.037499999999996,6.380868994928103,1.2,2.8666666666666667,0.8711145617599011,22.0,147.20833333333334,96.25553814294743
2017-04-26,15.0,0.0,140.20833333333334,157.5530219010252,0.0,120.20833333333333,127.10487938045038,7.1,12.387500000000003,3.7414612932243005,3.5,5.691666666666666,1.2161652729026975,4.0,74.875,74.31209890373344
2017-04-27,15.0,0.0,90.58333333333333,99.30143685928637,0.0,274.7083333333333,281.59938845762815,6.4,13.387500000000001,5.1566177405096765,3.0,4.9875,1.0381055069106706,177.0,229.33333333333334,37.991608531892666
2017-04-28,15.0,0.0,100.45833333333333,111.07497631023308,0.0,254.83333333333334,255.67840987334523,5.2,11.575000000000001,4.525411343302061,1.2,4.020833333333333,1.4876240661937545,4.0,118.58333333333333,103.37601970126032
2017-04-29,15.0,0.0,146.0,163.6276260293475,0.0,72.41666666666667,81.31790362076093,3.8,8.35833333333333,3.39551067641131,1.5,2.4708333333333337,0.8809476945765339,4.0,157.33333333333334,111.82776611987883
2017-04-30,15.0,0.0,96.08333333333333,106.66848956775691,0.0,271.1666666666667,272.8569726729223,0.1,7.704166666666667,5.05788056374421,1.8,3.4000000000000004,0.8459622768853486,79.0,211.54166666666666,69.5100738189713
2017-05-01,15.0,0.0,94.70833333333333,101.23819487451007,0.0,281.3333333333333,280.8509842644651,5.6,12.249999999999998,4.841307764392305,0.7,3.4291666666666667,1.9403001037864283,63.0,201.91666666666666,73.4532780614386
2017-05-02,15.0,0.0,56.208333333333336,56.99273726931595,0.0,387.7916666666667,391.63303355439064,7.6,14.304166666666669,4.7994093084612945,0.4,2.1666666666666665,1.38898357165189,24.0,145.375,80.16277597597225
2017-05-03,15.0,0.0,40.125,38.9138541329211,0.0,453.125,455.85145487652386,7.4,14.554166666666669,5.068314115266977,0.2,0.7749999999999999,0.49541374890963175,20.0,214.20833333333334,86.07579024712273
2017-05-04,15.0,0.0,77.29166666666667,85.04243399450738,0.0,339.6666666666667,340.84736691990435,7.4,13.733333333333333,4.2859392625559725,0.7,2.2125,0.9588546156290034,3.0,218.04166666666666,138.1978667068303
2017-05-05,15.0,0.0,129.04166666666666,162.58121159075807,0.0,53.166666666666664,88.0042818457625,11.0,14.75,2.7478054484640464,0.1,0.5833333333333335,0.49927483645667603,37.0,181.04166666666666,81.18871155559725
2017-05-06,15.0,0.0,142.95833333333334,161.69603236956053,0.0,21.458333333333332,27.180522384631413,11.7,14.995833333333332,2.5633672092143494,0.9,2.0250000000000004,1.1152110348153452,62.0,240.45833333333334,64.57552313691154
2017-05-07,15.0,0.0,137.20833333333334,151.63141213128478,0.0,153.625,162.98647916715163,8.3,13.141666666666666,3.4863605873356716,1.1,2.9499999999999993,0.9117589307629986,226.0,277.5,18.313691718160637
2017-05-08,15.0,0.0,132.375,154.29582329718625,0.0,191.75,232.37717653399835,6.3,11.420833333333333,3.297954460447931,1.4,3.2916666666666665,0.9375809143825896,20.0,130.875,76.60475209462048
2017-05-09,15.0,0.0,136.33333333333334,152.25141297742755,0.0,13.666666666666666,16.020819787597222,7.4,10.554166666666669,2.3695494282149134,1.4,3.2666666666666675,1.1331628175220418,87.0,226.0,61.603218436532444
2017-05-10,15.0,0.0,138.0,154.84382033407783,0.0,14.541666666666666,22.10838748306735,5.9,8.949999999999998,2.128890300847716,0.9,2.3333333333333335,0.9139815746723671,34.0,187.33333333333334,86.01145862321339
2017-05-11,15.0,0.0,125.625,155.19687706965598,0.0,216.41666666666666,304.8333709717015,5.4,11.679166666666667,4.444046253297695,0.5,3.341666666666667,1.7552199581389436,4.0,113.83333333333333,91.56402685821958
2017-05-12,15.0,0.0,102.33333333333333,112.7284797419336,0.0,2.7083333333333335,4.418136206165658,5.0,7.283333333333334,1.2534011699187229,0.8,1.945833333333333,0.9155559806058767,13.0,184.0,122.63767773404713
2017-05-13,15.0,0.0,71.58333333333333,74.99676321517897,0.0,372.7916666666667,367.33517204752997,3.6,11.133333333333335,5.281194419139824,2.6,4.445833333333334,1.183208301212416,52.0,147.25,70.96799646135665
2017-05-14,15.0,0.0,127.04166666666667,156.28777224601797,0.0,167.95833333333334,279.08397975094016,5.8,10.866666666666667,3.394197947990796,1.4,4.862500000000001,2.300626096257844,80.0,208.875,60.56854722579598
2017-05-15,15.0,0.0,129.625,155.6508949121608,0.0,166.25,306.55395297884604,8.0,13.991666666666669,4.310444006854965,4.0,6.883333333333333,1.604793543992678,1.0,167.29166666666666,147.8052417634558
2017-05-16,15.0,0.0,130.54166666666666,149.54510128667064,0.0,17.75,30.844984089447358,9.7,12.7875,2.102651018202456,4.0,7.05,1.7724951707789736,65.0,222.70833333333334,66.54614558900933
2017-05-17,15.0,0.0,124.04166666666667,149.839473282654,0.0,87.83333333333333,174.92673414558615,8.6,12.5375,2.85593394455337,1.9,4.554166666666667,1.4750030704954538,64.0,161.95833333333334,78.52913010700118
2017-05-18,15.0,0.0,95.08333333333333,122.67841192982239,0.0,136.16666666666666,286.9924505394988,7.9,11.924999999999999,3.3041804877536847,0.9,3.079166666666667,1.5254305640694048,7.0,166.375,158.0615764710758
2017-05-19,15.0,0.0,124.79166666666667,140.49260514863147,0.0,245.75,247.09516737308005,7.3,13.462499999999999,3.7636490734161296,1.3,2.4083333333333337,0.9403591666585913,6.0,121.41666666666667,85.16680138393724
2017-05-20,15.0,0.0,115.04166666666667,140.14014078047379,0.0,135.25,263.3435927188793,13.5,19.31666666666667,4.039873724529632,0.4,1.0666666666666667,0.5561253117048716,22.0,129.79166666666666,116.98940091963988
2017-05-21,15.0,0.0,144.70833333333334,161.03752713242815,0.0,210.125,245.10961389975498,13.2,18.349999999999998,2.974675722187869,1.1,2.445833333333333,0.9026430594391246,81.0,220.79166666666666,69.45438238069688
2017-05-22,15.0,0.0,130.375,152.34994399336878,0.0,234.58333333333334,303.35069627006993,10.5,16.8125,4.305235690159841,2.1,4.6833333333333345,1.6137093824522721,36.0,209.83333333333334,68.99632420370803
2017-05-23,15.0,0.0,95.75,100.61906207162693,0.0,329.7916666666667,308.16243305264766,10.0,17.316666666666666,4.8722521055165195,2.6,5.758333333333333,1.3915636080906681,48.0,166.83333333333334,80.15727294386393
2017-05-24,15.0,0.0,96.375,109.62696133786577,0.0,2.5416666666666665,4.708726096225535,11.8,15.312499999999998,1.6809191326279749,1.6,5.954166666666667,3.1284082863010547,86.0,237.25,51.01512989556009
2017-05-25,15.0,0.0,113.58333333333333,135.2475722410626,0.0,94.875,218.99460237541294,12.0,15.995833333333332,2.9677218852860516,0.7,1.9083333333333339,0.9202630373817122,5.0,121.54166666666667,90.16457376552523
2017-05-26,15.0,0.0,112.58333333333333,147.57162348490652,0.0,69.0,180.92035240139091,13.3,16.470833333333335,2.219376952653833,0.9,2.9499999999999997,1.3733488109441605,11.0,132.41666666666666,75.44068598209638
2017-05-27,15.0,0.0,116.0,138.46110739434943,0.0,20.0,41.12018440154898,14.5,17.679166666666664,2.3940104911808673,1.4,3.0958333333333337,1.0808527899872344,3.0,82.04166666666667,90.91203544309079
2017-05-28,16.0,0.0,127.625,142.17588999423276,0.0,198.79166666666666,284.6317192087174,14.7,20.4625,4.523062881067095,0.0,1.4791666666666667,1.019795020608539,9.0,180.33333333333334,124.9022806442898
2017-05-29,15.0,0.0,111.16666666666667,140.44731850541794,0.0,115.875,211.43902656917842,12.2,16.274999999999995,2.81135121466065,0.4,1.6708333333333336,0.9004729031322165,10.0,159.95833333333334,109.59033564446578
2017-05-30,15.0,0.0,64.0,63.82380638029641,0.0,430.7083333333333,368.822978531373,7.7,15.300000000000004,5.167372555799976,0.3,1.6875,0.9794907727554371,3.0,187.29166666666666,154.76615717202876
2017-05-31,15.0,0.0,118.29166666666667,143.1212557259742,0.0,205.91666666666666,355.17061627711644,10.4,15.812499999999998,3.958953803391916,3.0,4.795833333333333,0.9484445695185754,12.0,203.41666666666666,91.90350169165701
2017-06-01,15.0,0.0,108.0,112.69852049489882,0.0,321.625,273.2286528516554,8.2,15.424999999999999,4.801833888802504,1.3,4.0125,1.1471372686141266,32.0,166.375,90.68234692308233
2017-06-02,15.0,0.0,103.75,125.98869859599725,0.0,4.875,10.220663213399567,13.6,15.9125,1.6666322460213783,1.5,2.7083333333333335,1.2222277118892964,8.0,174.29166666666666,120.79716350206627
2017-06-03,15.0,0.0,51.75,54.07663644029325,0.0,0.041666666666666664,0.2041241452319315,14.0,15.49583333333333,0.7468654303249642,2.5,4.570833333333333,1.0804504562476693,6.0,176.45833333333334,76.66923829965495
2017-06-04,15.0,0.0,41.25,38.30455756740681,0.0,524.0416666666666,442.70644696955316,6.3,12.22916666666667,3.6070557868260593,2.0,5.2625,1.972377179732729,12.0,79.625,87.9237874030933
2017-06-05,15.0,0.0,56.083333333333336,54.74916450954071,0.0,456.9583333333333,388.9731721124072,6.2,15.033333333333331,6.39807489162487,1.5,4.562500000000001,2.160678737965377,13.0,183.08333333333334,84.01341335279983
2017-06-06,16.0,0.0,42.125,39.08108905518282,0.0,509.875,432.3414826369263,7.5,14.329166666666664,4.800405704472927,0.6,2.629166666666667,1.1184147036208718,10.0,147.20833333333334,148.10160412678704
2017-06-07,16.0,0.0,65.45833333333333,67.65447969786189,0.0,439.0,370.1674121846469,6.8,13.454166666666666,4.7529376880689975,0.9,2.558333333333333,0.951391048694611,1.0,146.41666666666666,109.13490521474733
2017-06-08,16.0,0.0,41.625,38.523637577128056,0.0,526.8333333333334,443.201952855008,6.5,12.845833333333333,4.452061483096944,0.0,1.5208333333333333,0.9040869363096654,11.0,162.45833333333334,107.22142029937159
2017-06-09,16.0,0.0,134.70833333333334,142.43426528590732,0.0,73.66666666666667,132.3939006432556,9.4,13.799999999999999,3.2165333756268932,0.7,2.5374999999999996,1.456861576188319,2.0,161.58333333333334,88.05972117122346
2017-06-10,15.0,0.0,121.58333333333333,146.95397583765046,0.0,180.29166666666666,311.4414564522544,9.8,14.729166666666666,3.4699303547285587,2.3,5.224999999999999,1.4099799566876365,84.0,243.25,46.73910010110237
2017-06-11,16.0,0.0,154.375,162.54225203205525,0.0,112.75,148.9523559660138,11.3,16.341666666666665,3.5050171080233308,0.9,2.5416666666666674,1.1228522171012867,53.0,211.5,62.14079385451689
2017-06-12,16.0,0.0,49.5,47.48821364067729,0.0,482.7083333333333,407.5521283453695,8.7,16.725000000000005,5.277866004856262,0.1,1.4458333333333335,1.0320849167400512,7.0,148.20833333333334,93.30407473588086
2017-06-13,16.0,0.0,134.79166666666666,147.0971223572953,0.0,20.416666666666668,29.501535209377575,15.4,19.03333333333333,2.6969655519501545,0.1,1.0958333333333334,0.9406192070937225,17.0,181.45833333333334,105.98071160302737
2017-06-14,17.0,0.0,117.75,157.27247195482943,0.0,175.375,285.26232206743384,12.7,17.025,3.113539855981068,0.7,2.9041666666666663,1.1752813415876464,17.0,208.79166666666666,112.93398578341038
2017-06-15,16.0,0.0,126.875,146.2845091207393,0.0,142.41666666666666,262.37973090238086,11.9,16.770833333333332,3.4546099215605994,3.0,5.829166666666666,1.447780660383233,5.0,150.58333333333334,126.55087193854413
2017-06-16,16.0,0.0,95.08333333333333,104.24758016862786,0.0,153.70833333333334,309.42815126795017,12.9,17.60833333333333,3.7134206270799965,1.1,2.5958333333333337,1.0928539290064925,1.0,118.41666666666667,96.74076370547654
2017-06-17,16.0,0.0,115.16666666666667,118.99713795121171,0.0,298.2916666666667,257.5514265517483,11.3,18.04583333333333,4.427481290723897,0.3,1.6458333333333333,1.3999935300057538,192.0,257.3333333333333,33.682232016646225
2017-06-18,16.0,0.0,116.33333333333333,138.27058119205404,0.0,7.75,18.39009657869999,17.0,20.158333333333328,2.4032435811096926,2.7,4.820833333333333,1.0566473504383604,11.0,129.04166666666666,88.79457443602824
2017-06-19,16.0,0.0,136.16666666666666,140.01604462926093,0.0,8.375,9.836986548116556,21.2,24.754166666666674,2.639989981316081,1.9,3.933333333333333,1.1969768682762445,169.0,254.20833333333334,38.63652154505435
2017-06-20,16.0,0.0,122.875,136.41666113339164,0.0,170.58333333333334,275.5394577072822,19.6,23.837500000000002,3.179665350179233,1.2,2.9375,1.4218213976996275,2.0,241.25,138.01016030650092
2017-06-21,16.0,0.0,45.041666666666664,40.998917447709005,0.0,495.1666666666667,422.2282163317211,14.9,22.462500000000002,5.0897008112290925,1.0,2.6791666666666667,1.3529289215131244,11.0,103.58333333333333,77.5218996641351
2017-06-22,16.0,0.0,129.95833333333334,137.38377828634603,0.0,168.375,287.51072758813865,16.3,21.416666666666668,3.4000852504231323,0.7,2.8250000000000006,1.1748265366871602,11.0,190.375,140.02913128594224
2017-06-23,17.0,0.0,146.41666666666666,156.63774787059157,0.0,51.875,75.17591687675561,17.8,21.875,2.7010867378182066,0.0,0.5833333333333333,0.32792717466543997,36.0,182.54166666666666,99.0533361669212
2017-06-24,16.0,0.0,118.625,144.63651968326312,0.0,14.25,34.71530172579584,17.9,20.7625,2.1004787239020604,0.6,1.6708333333333332,0.6642937843183978,180.0,238.20833333333334,23.340539777422652
2017-06-25,16.0,0.0,146.125,148.03299059448818,0.0,170.20833333333334,206.4096768810632,17.1,22.887500000000003,4.545070191259786,0.5,1.6250000000000009,0.78088578466742,13.0,125.45833333333333,100.62931510236474
2017-06-26,16.0,0.0,53.25,49.98195326489265,0.0,465.5416666666667,398.82348489206254,11.5,18.583333333333332,4.666501032257248,0.6,1.7374999999999998,0.870688133654615,15.0,130.75,127.31380266030108
2017-06-27,16.0,0.0,158.70833333333334,164.05844111611347,0.0,19.875,24.826900732874414,13.9,17.90833333333333,3.046725493359068,0.5,1.491666666666667,0.7113469566629376,3.0,120.41666666666667,101.72636641101661
2017-06-28,16.0,0.0,42.958333333333336,38.94419548942873,0.0,517.5833333333334,439.2445012564847,8.15,10.64375,1.44938611442764,0.85,2.4250000000000003,1.1044376889148848,4.0,150.04166666666666,86.34585620664129
2017-06-29,16.0,0.0,153.375,155.96761439199625,0.0,165.58333333333334,157.66528019735398,11.3,17.3625,4.113055830020978,2.5,4.504166666666667,1.4561650547471143,234.0,300.8333333333333,24.332241389039638
2017-06-30,16.0,0.0,137.54166666666666,139.88472868344343,0.0,87.29166666666667,169.56811614950715,15.5,19.679166666666664,2.8509310708985067,4.6,8.591666666666665,2.0149261862986165,61.0,230.375,70.08926761482536
2017-07-01,16.0,0.0,143.45833333333334,149.628519476,0.0,10.458333333333334,12.258020148907184,14.2,17.437500000000004,2.066673971469092,2.9,6.162500000000001,2.0470153245958946,32.0,174.95833333333334,89.77821909120502
2017-07-02,16.0,0.0,106.75,115.916105344602,0.0,330.8333333333333,280.6732072631129,11.3,18.370833333333334,4.924427061502483,3.5,5.391666666666666,0.922150919774296,1.0,109.625,133.51137795513256
2017-07-03,16.0,0.0,80.0,81.7674326579859,0.0,397.6666666666667,336.7147763014123,12.8,20.233333333333334,5.284075063373183,1.1,3.0,1.295812654199136,0.0,67.79166666666667,45.86082838011264
2017-07-04,16.0,0.0,129.75,154.92950711182505,0.0,201.45833333333334,336.69041116582827,11.3,16.1125,3.135811731815432,0.0,0.7333333333333333,0.474265259355863,16.0,160.66666666666666,100.60152417665782
2017-07-05,16.0,0.0,91.83333333333333,102.46936622470518,0.0,1.4583333333333333,2.933749147076316,13.1,16.70416666666667,2.1676433138853555,1.5,2.5041666666666673,0.7327608107678122,172.0,240.95833333333334,28.13705458252001
2017-07-06,16.0,0.0,99.91666666666667,109.7181831336307,0.0,353.7083333333333,294.5795056430904,9.4,14.529166666666667,3.424398286296209,1.4,6.3125,3.627109581063616,215.0,244.79166666666666,20.61653866842509
2017-07-07,16.0,0.0,114.0,152.19324100857978,0.0,132.16666666666666,273.712427108495,11.5,17.074999999999996,4.103683393160874,0.4,3.3208333333333346,2.230223066766244,0.0,150.54166666666666,78.42469618056862
2017-07-08,16.0,0.0,144.5,153.1293854740238,0.0,194.91666666666666,190.05580797473024,14.3,20.433333333333337,4.366141134434056,0.4,2.1958333333333333,1.2488182819967344,9.0,91.75,110.38834610828147
2017-07-09,16.0,0.0,44.458333333333336,41.12862027587482,0.0,492.2083333333333,420.2832356737606,14.6,22.73333333333333,5.842101071321535,1.0,4.583333333333333,1.9137185897042728,216.0,251.83333333333334,19.40566180641432
2017-07-10,16.0,0.0,84.04166666666667,89.6153515413741,0.0,384.375,328.9927728160869,13.8,20.670833333333334,4.846646457506259,0.9,3.195833333333333,1.099991765450074,4.0,140.0,104.34599636076959
2017-07-11,16.0,0.0,72.625,75.19818019305937,0.0,414.4583333333333,350.5148981720744,12.5,19.616666666666664,5.034979095562725,1.1,2.2916666666666665,0.8762155118396421,1.0,75.25,59.60321701268204
2017-07-12,16.0,0.0,50.375,46.55787655773422,0.0,453.0833333333333,414.47063321434655,11.7,19.01666666666667,4.908082656426932,0.7,2.4041666666666663,1.031452823708497,6.0,174.29166666666666,89.22978600302103
2017-07-13,16.0,0.0,45.291666666666664,41.835577917726255,0.0,473.5,432.16542726337923,12.2,20.025000000000002,5.440847919851878,1.0,2.7916666666666665,1.4018362698747069,5.0,92.125,68.81374515123508
2017-07-14,16.0,0.0,69.33333333333333,68.5182721847859,0.0,401.25,365.9296974532961,9.8,15.270833333333336,3.6332377663272553,0.9,3.3583333333333343,1.83514403336316,31.0,132.41666666666666,115.06516742100186
2017-07-15,16.0,0.0,118.75,131.83792751114825,0.0,36.625,73.91170555055068,10.4,13.658333333333337,2.1508171686021167,0.1,0.7083333333333331,0.37868957881284415,17.0,139.625,92.74359816181385
2017-07-16,15.0,0.0,49.166666666666664,52.991112188880244,0.0,0.0,0.0,12.0,15.466666666666663,1.3212861542638206,1.0,3.0749999999999997,1.3654908338730454,30.0,125.66666666666667,62.462974540168965
2017-07-17,15.0,0.0,28.541666666666668,30.272643938290106,0.0,0.0,0.0,16.1,17.733333333333334,0.7550794180324567,0.1,1.0333333333333334,0.7197020317414379,20.0,165.5,112.01630316124988
2017-07-18,15.0,0.0,88.66666666666667,102.73548418217013,0.0,1.3333333333333333,3.031238327334466,17.7,20.941666666666663,1.882855524870732,0.6,3.2874999999999996,1.1452406240421797,18.0,193.41666666666666,99.29662048921757
2017-07-19,16.0,0.0,143.95833333333334,150.13312329444472,0.0,88.20833333333333,145.0448144140486,16.3,21.2875,2.89877222885528,0.7,1.9000000000000001,0.9578054626842687,25.0,184.54166666666666,69.63818240933176
2017-07-20,16.0,0.0,100.375,106.29442805143931,0.0,318.2083333333333,290.28531379626685,11.6,17.791666666666664,3.8762281831099976,1.9,3.1333333333333333,0.9402435700468751,8.0,153.16666666666666,113.11774037880086
2017-07-21,15.0,0.0,127.16666666666667,157.16805369237503,0.0,192.20833333333334,317.67004746744857,17.4,25.058333333333326,4.987019382240315,0.3,1.208333333333333,0.6156768397580769,10.0,124.16666666666667,115.88662625569673
2017-07-22,15.0,0.0,134.91666666666666,163.43750744728,0.0,198.91666666666666,326.01719302044114,19.0,24.17083333333333,3.597762489039019,0.1,4.295833333333333,2.9922333038931868,1.0,138.29166666666666,88.97946962357527
2017-07-23,15.0,0.0,116.20833333333333,153.58865989803857,0.0,126.08333333333333,231.42148948855518,18.3,22.17916666666667,3.051867449208146,2.4,5.766666666666667,2.310216753743112,13.0,84.91666666666667,66.20121939417251
2017-07-24,15.0,0.0,101.70833333333333,106.08711726348002,0.0,304.625,278.36335536254705,15.3,21.495833333333334,4.387975582218402,0.9,3.5208333333333335,1.421566547607027,25.0,173.75,78.45533207140724
2017-07-25,15.0,0.0,89.54166666666667,94.76789915443375,0.0,341.25,311.04917128409414,12.7,18.7,4.0707866988858665,1.0,4.020833333333333,1.5879927627331158,0.0,145.91666666666666,143.56907644108085
2017-07-26,15.0,0.0,142.29166666666666,163.5190400206513,0.0,164.75,234.65112864402136,11.6,16.533333333333335,3.315794437781569,0.9,2.3833333333333333,1.0390910185963194,2.0,133.33333333333334,132.2782530572734
2017-07-27,15.0,0.0,67.45833333333333,67.84507874669266,0.0,389.125,361.34089799691566,12.3,19.808333333333334,5.354796035304254,1.5,5.495833333333334,1.7753087096313007,18.0,133.91666666666666,74.05868217702164
2017-07-28,15.0,0.0,67.54166666666667,68.91329092901215,0.0,389.0416666666667,361.365102519378,14.2,20.8875,4.44642626406186,1.5,2.908333333333333,0.9011667155833942,197.0,250.04166666666666,32.374814643305776
2017-07-29,15.0,0.0,139.04166666666666,153.56417131005827,0.0,117.16666666666667,185.6749536307929,18.7,23.17916666666667,3.2255743225269087,0.6,1.7166666666666668,0.7636677325886576,24.0,201.125,80.40674452567642
2017-07-30,15.0,0.0,146.16666666666666,161.8242919010473,0.0,19.166666666666668,25.666196118404567,16.8,19.291666666666668,1.6442036969613738,1.5,3.275,1.559612549432655,21.0,162.33333333333334,92.02819353761707
2017-07-31,15.0,0.0,150.375,163.20507571497413,0.0,89.08333333333333,110.18715961911141,16.9,21.695833333333336,3.599212373581882,0.4,3.241666666666666,2.1757390881514596,60.0,256.4583333333333,50.886044184566195
2017-08-01,15.0,0.0,85.5,115.6734534199051,0.0,179.375,286.7354200076379,15.0,18.691666666666666,3.0840285154417706,1.3,3.066666666666667,1.108726910613628,39.0,177.91666666666666,84.82971006755197
2017-08-02,15.0,0.0,93.79166666666667,104.14787946521737,0.0,0.7916666666666666,1.5030162910010298,14.3,17.745833333333334,1.7861737504136215,1.3,4.874999999999999,3.007129210219694,81.0,233.25,48.83000681156404
2017-08-03,15.0,0.0,122.625,140.0269578082859,0.0,92.58333333333333,166.45979189834574,11.8,15.770833333333336,2.756412155504777,0.5,2.5583333333333336,1.8906903884368624,179.0,268.2916666666667,27.898074059545472
2017-08-04,15.0,0.0,115.33333333333333,143.14287987172472,0.0,141.66666666666666,242.68348802981805,9.8,14.470833333333331,3.7168803149095773,0.6,1.5666666666666667,0.6363391676078758,101.0,264.625,54.02560785727289
2017-08-05,15.0,0.0,152.83333333333334,169.43272787558584,0.0,53.5,57.604347662005665,12.5,16.970833333333335,3.3596686128851747,0.2,1.054166666666667,0.6587070119075945,22.0,257.5416666666667,92.0599894996011
2017-08-06,15.0,0.0,93.625,97.97240627495249,0.0,291.0,289.22805805318643,10.1,16.612499999999997,4.60361979505164,0.0,0.625,0.4172893897316449,14.0,216.20833333333334,94.26003771559253
2017-08-07,15.0,0.0,98.29166666666667,112.08633286218598,0.0,286.4583333333333,287.5948205324662,9.5,15.195833333333335,3.9004435830976383,0.7,2.3749999999999996,1.072279165467488,16.0,207.95833333333334,135.98896348015083
2017-08-08,15.0,0.0,137.625,154.05922421334398,0.0,136.625,145.16072426646684,11.2,17.2625,4.440996020283505,1.1,4.954166666666667,2.346130795617526,11.0,224.54166666666666,106.3832199773706
2017-08-09,15.0,0.0,144.58333333333334,162.20945039393186,0.0,41.75,59.811479194869115,12.2,16.174999999999997,2.726560183598119,0.1,4.999999999999999,3.1240998703626612,25.0,206.58333333333334,77.52806878334687
2017-08-10,15.0,0.0,115.79166666666667,138.27916915858444,0.0,193.5,307.37231353919105,12.6,18.400000000000002,4.010963236799425,0.1,2.4374999999999996,1.6236867603242238,2.0,146.25,104.27982838831127
2017-08-11,15.0,0.0,108.08333333333333,119.9434347358449,0.0,233.5,231.19425297505913,14.2,20.883333333333333,4.88339392552803,2.7,5.004166666666668,1.604471785400082,18.0,146.20833333333334,102.54457319991936
2017-08-12,15.0,0.0,67.29166666666667,71.8388771861192,0.0,353.0833333333333,352.1855880154625,14.7,21.558333333333334,4.996861333717977,2.0,3.795833333333332,0.9639047249809389,3.0,89.58333333333333,119.3307120593006
2017-08-13,15.0,0.0,40.583333333333336,40.084602559072984,0.0,430.5416666666667,427.8495244589038,12.0,19.270833333333332,4.876516858031629,0.0,1.4208333333333334,1.0004256340555064,4.0,107.20833333333333,89.0227030968318
2017-08-14,15.0,0.0,134.125,157.09822806406686,0.0,171.25,213.12401982434304,15.5,21.333333333333332,4.165350516767616,0.6,3.6666666666666665,1.6451950239004092,1.0,131.70833333333334,111.56221861897696
2017-08-15,15.0,0.0,66.66666666666667,80.91469832976641,0.0,398.3333333333333,408.3839483566443,12.9,20.275000000000002,5.177564476956659,0.2,3.2916666666666665,1.9620124244314021,17.0,131.04166666666666,85.19822368359905
2017-08-16,15.0,0.0,79.95833333333333,89.46822567703633,0.0,314.6666666666667,312.05889447857174,13.2,20.029166666666665,4.571126696489861,1.3,2.1833333333333336,0.6336002488654173,9.0,180.5,91.60406294387867
2017-08-17,15.0,0.0,105.375,120.2601573039991,0.0,4.541666666666667,6.613419602639751,19.4,22.45,2.2681154790016635,0.1,2.270833333333334,2.215847892807169,4.0,77.95833333333333,99.65962907148847
2017-08-18,15.0,0.0,111.54166666666667,145.9112235056904,0.0,11.5,21.80347000703847,20.8,24.666666666666668,2.437330447466022,0.2,1.1458333333333333,0.6921793978735424,1.0,99.16666666666667,121.41472823296216
2017-08-19,14.0,0.0,116.625,144.63982628524582,0.0,173.41666666666666,264.4625257692134,21.3,26.587500000000002,4.01890234852211,0.2,2.470833333333333,1.1153003754756974,11.0,269.5416666666667,62.99687995494675
2017-08-20,14.0,0.0,95.54166666666667,105.34332242581941,0.0,247.125,253.17536670131994,17.5,23.01666666666667,3.9754317968007546,0.5,2.3333333333333335,1.3476764760349464,1.0,214.95833333333334,99.01975172602712
2017-08-21,14.0,0.0,112.45833333333333,144.70479069220676,0.0,194.875,303.5166799370341,15.3,20.458333333333332,3.8524883733330944,0.3,2.345833333333333,1.373342215392693,2.0,181.20833333333334,130.0150423292784
2017-08-22,14.0,0.0,64.375,70.2856361725062,0.0,344.5833333333333,342.47334604845264,11.2,17.55,4.491344332495949,0.2,2.1750000000000003,2.2444617830678637,4.0,213.83333333333334,154.04676496798447
2017-08-23,14.0,0.0,88.75,97.77358494523702,0.0,265.1666666666667,265.8658809751012,11.7,17.829166666666666,4.240434674875213,1.0,2.5083333333333337,0.8586727202955213,0.0,161.54166666666666,161.72896789991276
2017-08-24,14.0,0.0,119.16666666666667,138.4653988065851,0.0,9.958333333333334,12.522949946490995,16.2,19.450000000000003,2.3620182968771872,0.7,1.675,0.762290598473928,6.0,137.45833333333334,96.94417002300487
2017-08-25,14.0,0.0,116.95833333333333,141.85861889086326,0.0,137.04166666666666,218.70716557845634,17.4,21.962500000000002,3.5477871241466685,0.1,0.8208333333333333,0.7198907928451291,2.0,152.70833333333334,153.22177140303546
2017-08-26,14.0,0.0,86.95833333333333,97.19209091398274,0.0,260.5416666666667,262.92584161395354,14.6,19.808333333333337,3.5703996447440445,0.3,2.05,1.0934588121703732,0.0,135.29166666666666,111.3851442622347
2017-08-27,14.0,0.0,105.29166666666667,120.88675230999453,0.0,193.875,217.19942999765064,15.9,21.766666666666666,4.327431878916949,2.6,4.741666666666666,1.182817809730008,5.0,135.95833333333334,114.18995583891235
2017-08-28,13.0,0.0,78.875,110.80979100516657,0.0,98.29166666666667,208.6491707370901,17.5,21.020833333333336,2.093879105904858,1.0,2.7708333333333335,1.5445497913537827,27.0,172.875,97.40918289896223
2017-08-29,14.0,0.0,118.83333333333333,142.84338236004484,0.0,103.375,153.24967196219944,14.9,18.945833333333333,2.8060461378131727,0.3,1.9833333333333334,1.1510549666422902,43.0,240.16666666666666,67.29019998850319
2017-08-30,13.0,0.0,97.95833333333333,125.2678796286848,0.0,13.291666666666666,31.56150540117511,18.0,20.5125,2.050516901958476,0.3,1.479166666666667,1.0155226397693247,9.0,193.625,117.25958290309879
2017-08-31,13.0,0.0,110.33333333333333,131.41393833382287,0.0,126.625,187.39050426037207,17.6,22.299999999999997,3.8267934130400802,0.2,5.158333333333334,3.395638720305884,110.0,259.75,49.770997316841495
2017-09-01,14.0,0.0,107.625,137.63272250576105,0.0,182.91666666666666,259.77497229695564,14.0,19.308333333333334,3.8002192919181206,0.7,1.9708333333333332,1.181921488846489,1.0,123.79166666666667,142.07774331304512
2017-09-02,13.0,0.0,88.16666666666667,109.90180069999512,0.0,232.95833333333334,278.3130047683514,12.5,19.808333333333337,5.216772004307601,0.8,2.166666666666667,0.8046963600539385,1.0,124.91666666666667,97.13142896484959
2017-09-03,14.0,0.0,114.04166666666667,139.3149323020287,0.0,166.33333333333334,206.23428354700127,14.2,20.395833333333332,4.116401886691049,0.0,0.19999999999999998,0.14142135623730953,0.0,200.875,149.77063986381773
2017-09-04,14.0,0.0,100.91666666666667,123.94245392139842,0.0,154.54166666666666,228.95205102087786,16.1,21.595833333333335,3.52524796126539,0.2,2.3833333333333333,1.9403421183471445,25.0,207.58333333333334,76.71795700835777
2017-09-05,13.0,0.0,97.20833333333333,135.36295144236627,0.0,12.833333333333334,28.002587872127673,18.0,20.916666666666664,2.4722224936220885,0.8,1.9625000000000004,0.6939568336406247,27.0,149.20833333333334,82.86499190887531
2017-09-06,13.0,0.0,104.375,124.0346419001738,0.0,106.79166666666667,212.71535975420844,14.2,18.670833333333334,3.2174090530258583,0.6,1.3916666666666668,0.5123828957762524,2.0,99.33333333333333,85.01849756103805
2017-09-07,13.0,0.0,85.875,104.19810250296015,0.0,26.0,59.66427814829006,12.7,15.591666666666669,1.5866060760565972,1.4,3.141666666666666,1.1232393630329496,14.0,125.625,108.66894780658964
2017-09-08,13.0,0.0,47.875,59.18013216847576,0.0,0.0,0.0,13.1,16.370833333333334,1.623865267131821,2.9,6.120833333333334,2.735273480749732,13.0,146.83333333333334,107.28088555654777
2017-09-09,13.0,0.0,81.54166666666667,106.50943177940165,0.0,58.208333333333336,156.9613575171392,10.4,13.0375,1.776614391378212,1.5,2.5541666666666667,0.6626555054027542,67.0,231.0,68.65920882534068
2017-09-10,13.0,0.0,94.41666666666667,116.23099813533491,0.0,180.16666666666666,213.60460560632086,6.8,12.775,4.149515424826081,0.5,2.1958333333333333,1.0246862368832574,29.0,150.16666666666666,77.41006937459564
2017-09-11,13.0,0.0,113.45833333333333,141.79040844689115,0.0,97.875,122.00830780694011,6.5,11.1875,3.197595903990589,0.3,4.083333333333333,2.7644744239330032,21.0,126.83333333333333,90.57625500656611
2017-09-12,13.0,0.0,108.95833333333333,134.06146519143883,0.0,28.791666666666668,45.214444754887275,7.9,11.858333333333333,2.8545793365057834,0.4,2.8249999999999997,2.3873306905594283,17.0,212.04166666666666,81.63145129531699
2017-09-13,13.0,0.0,105.33333333333333,132.64456155510084,0.0,16.083333333333332,23.896364407249443,8.7,12.170833333333334,2.2999960617483617,0.8,2.0541666666666663,0.8086376985623609,11.0,123.33333333333333,83.33466665600017
2017-09-14,13.0,0.0,93.0,120.60247311618087,0.0,163.41666666666666,226.55029514852555,11.1,17.116666666666667,4.682963263526228,1.5,4.520833333333333,2.4819310796349625,3.0,214.58333333333334,79.43655749506436
2017-09-15,13.0,0.0,32.5,35.82566483499734,0.0,369.625,433.2747709870874,8.3,15.149999999999999,4.669978121166513,1.3,4.1,1.618641405623865,7.0,193.04166666666666,105.19938798245957
2017-09-16,13.0,0.0,35.666666666666664,39.45130919375743,0.0,382.75,451.2648166903872,7.7,15.391666666666667,5.595799407992816,1.9,4.854166666666666,1.9675584443375649,2.0,170.95833333333334,124.94432818230501
2017-09-17,13.0,0.0,32.75,36.280609265772426,0.0,358.75,422.2560782891987,6.2,10.575000000000001,2.863146642359098,1.0,2.4374999999999996,1.082594508375697,24.0,178.45833333333334,78.56151240832915
2017-09-18,13.0,0.0,77.29166666666667,97.17956448566328,0.0,2.375,3.7278330341412533,8.7,14.375,3.2023428923211825,0.4,1.2291666666666667,0.7262046463675355,6.0,133.33333333333334,100.41075062252901
2017-09-19,13.0,0.0,80.79166666666667,101.73280398080604,0.0,2.9583333333333335,4.759239678650423,11.4,13.591666666666667,1.5059062464803066,0.5,2.225,1.0815648888049445,15.0,148.33333333333334,106.8235711924987
2017-09-20,13.0,0.0,104.0,132.51644688736627,0.0,35.125,44.086192751295144,9.5,13.34166666666667,2.7462095088806793,0.4,1.5999999999999996,1.0762252875514575,40.0,155.625,78.50771908877331
2017-09-21,13.0,0.0,90.33333333333333,128.1621482025175,0.0,36.166666666666664,76.71214782020124,11.0,14.183333333333337,2.592240371749413,0.6,2.2,1.2587087932031606,5.0,122.25,77.67168920750872
2017-09-22,13.0,0.0,104.16666666666667,132.26510488792763,0.0,63.0,74.48489779814429,9.9,13.945833333333333,2.723964369087446,0.8,3.079166666666666,1.4373826354105264,51.0,218.54166666666666,62.66403112712627
2017-09-23,13.0,0.0,99.70833333333333,127.77271912901902,0.0,63.958333333333336,89.09129619649168,11.8,16.112499999999997,3.2789596043496063,1.9,3.945833333333334,0.9472978351108995,15.0,193.04166666666666,137.54382042182732
2017-09-24,13.0,0.0,49.541666666666664,60.88048103468379,0.0,285.875,330.4058522089357,12.1,18.15833333333333,4.445996407777566,1.5,5.625,2.3125837235137823,9.0,100.16666666666667,114.14432765683928
2017-09-25,13.0,0.0,39.416666666666664,45.67362160092987,0.0,310.5,366.11853628120997,11.8,17.662499999999998,4.204429599942134,0.5,1.804166666666667,1.13462469055005,42.0,225.91666666666666,69.12994485288066
2017-09-26,13.0,0.0,77.66666666666667,104.82601181778875,0.0,143.91666666666666,255.765503447246,11.1,14.804166666666665,2.3212588725997767,2.6,5.520833333333333,1.8016850003759568,56.0,232.625,74.27025415449926
2017-09-27,13.0,0.0,73.83333333333333,96.26307552818437,0.0,77.79166666666667,171.63459141739023,11.9,15.075000000000001,2.427245710497895,0.5,4.166666666666667,2.3908642546280134,62.0,198.95833333333334,67.57506561412738
2017-09-28,12.0,0.0,63.833333333333336,89.82624128387206,0.0,110.70833333333333,245.87209102484067,9.2,12.45833333333333,2.4747273309031113,0.3,1.7708333333333337,1.363652118925232,5.0,178.45833333333334,102.7927332766901
2017-09-29,12.0,0.0,24.875,28.441110019308926,0.0,365.6666666666667,422.8109523762072,9.1,15.674999999999999,4.747470722486824,0.3,2.4458333333333333,1.790792675269,4.0,180.70833333333334,116.28618339800892
2017-09-30,12.0,0.0,45.208333333333336,58.20800719359215,0.0,0.0,0.0,10.7,14.370833333333332,1.2435849883254488,0.9,2.129166666666667,0.9557510894200103,177.0,251.625,40.5900100153163
2017-10-01,12.0,0.0,56.625,70.08120290063519,0.0,237.66666666666666,278.00573448365606,4.4,10.716666666666667,4.0580212212215026,0.1,1.4583333333333333,1.0753833155495387,39.0,134.625,77.03461249165292
2017-10-02,12.0,0.0,31.041666666666668,41.070966331002225,0.0,0.0,0.0,8.7,10.145833333333332,1.242360714497821,0.7,3.924999999999999,2.1541163829524965,30.0,127.83333333333333,66.38272867747052
2017-10-03,12.0,0.0,23.791666666666668,27.263575265028688,0.0,362.0416666666667,421.3108404436827,3.1,11.008333333333335,5.359746641210854,0.5,2.4541666666666666,1.336438865260851,24.0,171.16666666666666,101.7566007544545
2017-10-04,12.0,0.0,56.541666666666664,78.71024416320842,0.0,2.7083333333333335,8.222340546217424,9.2,11.695833333333335,1.7677003402029496,0.5,5.729166666666665,2.114027511372683,196.0,271.875,37.42390830797177
2017-10-05,11.0,0.0,27.75,37.474919148910665,0.0,0.0,0.0,10.6,12.270833333333336,1.0170200146235708,0.1,2.154166666666667,1.527993616725418,187.0,259.6666666666667,39.450207104395645
2017-10-06,12.0,0.0,60.333333333333336,95.26332688540414,0.0,76.79166666666667,169.21326373304314,9.3,12.841666666666669,2.805571578851263,1.2,3.2083333333333335,1.183185334692703,4.0,191.58333333333334,102.70892458012494
2017-10-07,11.0,0.0,72.91666666666667,103.67672023574328,0.0,58.375,106.68474993908558,9.2,13.216666666666667,2.9436248973386325,1.0,3.575000000000001,1.1982777496129147,31.0,97.45833333333333,62.54318797693991
2017-10-08,11.0,0.0,58.75,82.28489744677381,0.0,48.75,133.29674316775498,9.3,12.141666666666667,2.1445414360684407,2.2,4.1000000000000005,1.0562443722515371,31.0,138.95833333333334,72.81750814710446
2017-10-09,11.0,0.0,72.58333333333333,96.47343255220991,0.0,88.29166666666667,214.57429627797552,9.0,13.41666666666667,3.231054030022949,0.8,2.475,0.9288843237758521,38.0,144.16666666666666,96.96779683579702
2017-10-10,11.0,0.0,54.75,71.75819904676248,0.0,197.33333333333334,248.1294659730238,10.4,16.629166666666666,4.323291737701188,2.5,5.483333333333332,1.8537076047904564,62.0,218.33333333333334,72.14096506548626
2017-10-11,11.0,0.0,27.458333333333332,37.96334521232481,0.0,0.0,0.0,16.3,17.45416666666667,0.8224984031524969,0.5,2.370833333333333,1.1494721535922732,25.0,194.08333333333334,119.14730257183722
2017-10-12,11.0,0.0,25.666666666666668,35.35615888377148,0.0,0.0,0.0,14.2,15.529166666666669,0.6708068902880849,0.4,1.8749999999999998,0.749637593600488,46.0,211.29166666666666,92.26638144485528
2017-10-13,11.0,0.0,38.916666666666664,49.94424427531048,0.0,251.70833333333334,324.72978454557335,9.1,15.054166666666665,4.283840126788587,0.0,0.5,0.4211784708978203,49.0,154.91666666666666,69.83204488452004
2017-10-14,11.0,0.0,40.25,51.32017994478602,0.0,244.75,319.1848653380507,8.2,14.429166666666667,4.352758162727216,0.1,1.4166666666666663,0.796004515317468,41.0,208.33333333333334,96.43410305428296
2017-10-15,11.0,0.0,41.041666666666664,56.01046421383486,0.0,0.0,0.0,11.6,13.733333333333333,1.257211084164043,1.3,2.8249999999999997,0.7963230718638064,37.0,205.16666666666666,103.34436593745444
2017-10-16,11.0,0.0,47.333333333333336,68.63429657734292,0.0,63.041666666666664,147.85641659236921,9.3,11.954166666666666,2.0054229016575915,0.8,2.2999999999999994,1.1776911826701983,28.0,167.375,106.86269634238703
2017-10-17,11.0,0.0,69.83333333333333,98.75030728258925,0.0,11.833333333333334,19.811429873262263,9.8,12.683333333333335,2.2638302799087846,1.3,3.3833333333333333,0.7215120997910761,129.0,230.25,41.79582879125411
2017-10-18,11.0,0.0,68.83333333333333,97.55429554719846,0.0,81.95833333333333,140.76204996427455,8.3,12.329166666666667,2.9496468715198203,0.5,2.2249999999999996,1.2948896209464276,23.0,145.66666666666666,91.88161885849622
2017-10-19,11.0,0.0,54.458333333333336,88.7365319440042,0.0,45.416666666666664,108.79654592769525,8.6,11.466666666666667,2.183867066082283,0.5,2.783333333333333,1.7684841621807244,24.0,121.125,89.64680090802726
2017-10-20,11.0,0.0,68.58333333333333,98.08643777486427,0.0,14.0,21.282775235836382,10.6,13.579166666666666,2.466290854645928,0.1,1.5833333333333333,1.04867065608204,24.0,121.25,105.85973081722648
2017-10-21,11.0,0.0,31.75,41.04636826597557,0.0,247.41666666666666,345.875564035827,7.8,13.054166666666665,3.9402029484992678,0.7,3.441666666666667,2.2648383504398697,40.0,189.41666666666666,86.85616128763225
2017-10-22,11.0,0.0,24.375,31.545429628311965,0.0,279.9583333333333,391.3714436236477,5.8,11.241666666666667,3.9575922265796994,3.7,7.750000000000001,2.3673503809294805,38.0,224.625,60.26305559432926
2017-10-23,11.0,0.0,35.541666666666664,49.200547157320415,0.0,223.08333333333334,317.75680017581215,4.9,10.00416666666667,3.5060790891978106,0.1,2.6,1.61056295855774,5.0,170.79166666666666,124.56706912400614
2017-10-24,11.0,0.0,32.083333333333336,49.411243806372184,0.0,80.04166666666667,187.81732085857456,8.2,10.4625,1.9130700344006577,0.2,4.304166666666666,2.5287011903633316,1.0,265.7916666666667,111.5101785826578
2017-10-25,11.0,0.0,16.541666666666668,23.861883679911422,0.0,0.0,0.0,5.4,8.579166666666667,1.2367486007468436,0.7,2.35,1.4870455096687818,1.0,190.29166666666666,136.18034052287993
2017-10-26,11.0,0.0,65.70833333333333,95.64857741921121,0.0,42.625,65.43952568394067,3.6,6.3374999999999995,1.85702251162867,0.3,1.8124999999999998,0.7397487822697414,1.0,162.70833333333334,118.00054501225154
2017-10-27,11.0,0.0,35.625,63.970653937703275,0.0,92.16666666666667,232.5061320681142,4.7,7.899999999999999,2.7618519306719764,0.2,0.9791666666666666,0.7180766379510021,40.0,258.9583333333333,76.44007551623386
2017-10-28,11.0,0.0,47.833333333333336,80.47611942123855,0.0,16.625,43.16682754152777,3.2,4.695833333333333,0.9706471022474901,0.3,0.9666666666666668,0.38069349381344053,35.0,216.70833333333334,104.10800377144575
2017-10-29,11.0,0.0,56.791666666666664,83.56199425610886,0.0,7.416666666666667,11.977938657914127,4.8,9.420833333333334,2.9349437690586564,0.2,0.9374999999999999,0.5054593261923086,34.0,201.16666666666666,88.23716394722393
2017-10-30,11.0,0.0,55.416666666666664,78.69916118367776,0.0,58.291666666666664,117.09657076130785,7.1,9.725,2.0283319340735653,0.5,2.9916666666666667,1.8973475001253417,243.0,291.3333333333333,29.344530142351285
2017-10-31,10.0,0.0,52.208333333333336,74.78954772744225,0.0,104.125,145.53568589718887,4.9,8.445833333333335,2.9042666015284517,0.9,2.629166666666666,1.4836732227428173,67.0,210.33333333333334,69.08826532629908
2017-11-01,11.0,0.0,51.833333333333336,77.54923634679463,0.0,4.333333333333333,8.223331952791222,-0.8,2.1125,1.8430391960728534,1.3,3.616666666666667,1.2977125918378432,25.0,175.95833333333334,72.60762875637235
2017-11-02,10.0,0.0,36.5,64.14860464780874,0.0,84.75,206.383191513094,-1.5,2.504166666666666,3.4040230887004563,0.8,3.524999999999999,2.1657913505028694,189.0,253.04166666666666,32.82559866226711
2017-11-03,10.0,0.0,32.708333333333336,49.132013088666824,0.0,0.0,0.0,0.9,3.0041666666666664,1.4308644898821818,1.5,4.383333333333334,2.0193986764610776,12.0,173.04166666666666,113.38525291990199
2017-11-04,10.0,0.0,28.583333333333332,47.46157866396105,0.0,59.708333333333336,142.2684172127879,0.5,3.3041666666666667,2.3560245009921617,2.0,4.9416666666666655,1.8438892418558888,12.0,128.75,95.58754239371133
2017-11-05,10.0,0.0,24.916666666666668,46.3736400636571,0.0,53.291666666666664,126.97294445348741,2.4,4.5625,1.8816765188892408,2.0,4.208333333333333,1.6688753481120848,36.0,326.9583333333333,63.638571272642416
2017-11-06,10.0,0.0,22.916666666666668,42.951860481713474,0.0,69.29166666666667,170.10341590176628,2.7,4.858333333333333,2.099879223580058,1.7,3.1916666666666664,0.8801762010685907,12.0,150.20833333333334,117.11532004142667
2017-11-07,10.0,0.0,29.083333333333332,44.32382484934442,0.0,220.0,298.95295543817156,-0.9,5.516666666666666,4.373901518410493,0.6,1.325,0.5350741517080477,37.0,207.54166666666666,79.07012801891456
2017-11-08,10.0,0.0,28.75,43.83491758860737,0.0,0.0,0.0,6.3,9.266666666666666,2.0047046115849945,0.9,1.7458333333333333,0.5340405184649558,3.0,124.25,113.58323896558437
2017-11-09,10.0,0.0,35.375,60.81033414749861,0.0,1.25,3.870175818947405,8.0,9.904166666666667,1.616081994978211,0.9,3.1124999999999994,1.5957313983412666,46.0,195.16666666666666,78.21023321605776
2017-11-10,10.0,0.0,40.333333333333336,63.24119919294952,0.0,109.91666666666667,210.42067939924675,6.7,11.35,3.7432838408332687,0.5,1.675,0.8522349135221385,28.0,146.5,79.57823604588074
2017-11-11,10.0,0.0,39.958333333333336,66.09313531851764,0.0,45.75,132.973763348754,9.2,12.212499999999997,2.410721071994129,0.7,5.2125,2.845792088100544,37.0,164.70833333333334,93.036916079711
2017-11-12,10.0,0.0,22.333333333333332,33.58010107795682,0.0,0.0,0.0,5.7,8.279166666666663,1.0874698063441326,1.2,3.908333333333333,2.121713144293231,9.0,236.625,60.813908949673106
2017-11-13,10.0,0.0,38.458333333333336,57.35319949883898,0.0,122.66666666666667,172.0603197230216,3.0,7.641666666666667,3.701811150923484,1.1,3.5625000000000004,1.4884519241261311,18.0,157.79166666666666,86.70388345280216
2017-11-14,10.0,0.0,18.666666666666668,25.28905359803047,0.0,243.91666666666666,340.3920906283206,1.5,7.295833333333334,4.384704557660758,0.3,1.9041666666666661,1.8037350539720451,108.0,247.33333333333334,42.54886364054214
2017-11-15,9.0,0.0,49.083333333333336,76.90757675495205,0.0,36.041666666666664,56.37026595695615,1.7,5.204166666666667,2.3464087576488066,0.4,2.0625,1.3091027461586042,28.0,173.08333333333334,100.09079211729053
2017-11-16,9.0,0.0,28.333333333333332,44.49588810183492,0.0,0.0,0.0,4.3,6.2,1.5367950840742504,0.4,2.420833333333333,1.3846924526427513,8.0,179.70833333333334,86.46863174216601
2017-11-17,9.0,0.0,39.208333333333336,62.046952184312154,0.0,3.375,7.620410236589174,5.4,7.991666666666667,2.0706891662411344,0.3,3.283333333333333,2.79045993819418,1.0,144.33333333333334,118.44634326092154
2017-11-18,9.0,0.0,16.041666666666668,25.353979477831857,0.0,0.0,0.0,4.1,5.687500000000001,0.5863019699779289,2.1,5.529166666666666,3.3960948374460243,31.0,245.08333333333334,88.54324252647093
2017-11-19,9.0,0.0,24.291666666666668,38.816714426140955,0.0,0.0,0.0,7.1,10.425,2.0663452297947833,2.3,5.366666666666667,2.266325635044084,13.0,123.91666666666667,112.38981721887777
2017-11-20,9.0,0.0,39.125,58.63543408583911,0.0,23.375,76.26031647957684,6.6,8.725000000000001,1.5632324370271726,1.2,4.0249999999999995,1.9507523632200723,8.0,133.70833333333334,83.7732338527344
2017-11-21,9.0,0.0,23.166666666666668,37.21344622189868,0.0,0.0,0.0,4.4,5.825000000000002,0.8258065885781796,0.6,1.9916666666666665,0.8123592408730783,72.0,216.08333333333334,47.04753994092311
2017-11-22,9.0,0.0,26.333333333333332,42.37992415064582,0.0,0.0,0.0,4.7,6.545833333333332,1.5157088072600873,0.9,2.3208333333333333,1.0500431323094044,20.0,209.75,104.02476711780253
2017-11-23,9.0,0.0,41.75,67.35903154317751,0.0,56.333333333333336,96.34840160974971,3.5,6.925,2.743411078899057,2.6,4.470833333333333,1.2543763968313244,33.0,141.04166666666666,97.7785782383792
2017-11-24,9.0,0.0,19.625,39.75229006255351,0.0,33.416666666666664,91.30689609970497,2.5,3.6416666666666657,0.8939004256708311,1.1,3.866666666666666,1.6257885489192934,35.0,174.33333333333334,97.73151628498516
2017-11-25,9.0,0.0,40.25,64.68267021457105,0.0,17.625,28.726313494016626,3.0,6.087500000000001,2.6558078276470427,2.6,3.820833333333333,0.9704231110668969,2.0,229.04166666666666,100.39074925625313
2017-11-26,9.0,0.0,22.208333333333332,37.65978037603266,0.0,65.04166666666667,183.65977031425268,2.4,4.258333333333334,1.4556984478299388,0.2,0.8166666666666668,0.8359668532365051,0.0,244.70833333333334,109.38304421764299
2017-11-27,9.0,0.0,30.833333333333332,48.330084848355845,0.0,74.45833333333333,180.12386539284006,0.8,3.945833333333333,2.5520629620600745,0.0,0.6999999999999998,0.5702783454632903,21.0,168.66666666666666,96.47196784408487
2017-11-28,9.0,0.0,11.083333333333334,17.604141475841683,0.0,0.0,0.0,-1.2,1.3541666666666663,0.9912570704464835,0.5,4.004166666666666,2.657962470155217,2.0,156.79166666666666,133.08283761126626
2017-11-29,9.0,0.0,21.0,34.047281702132224,0.0,0.0,0.0,-1.8,-0.75,0.7934514587492446,1.1,2.920833333333333,1.0802492331851483,4.0,185.5,116.83581940334982
2017-11-30,9.0,0.0,38.583333333333336,64.14041435493841,0.0,29.25,51.47075995586992,-2.7,0.47500000000000003,2.387148562798211,0.8,1.9708333333333334,1.1418821863643516,11.0,226.41666666666666,123.91824677608206
2017-12-01,9.0,0.0,24.333333333333332,42.016214951380135,0.0,0.041666666666666664,0.2041241452319315,2.1,4.7625,1.958218467183218,0.6,1.7458333333333336,0.6248333111051833,12.0,215.25,86.18244045905325
2017-12-02,9.0,0.0,18.958333333333332,33.89046187051899,0.0,47.041666666666664,140.5583521613669,-0.2,1.4041666666666668,1.0310312130672092,2.5,3.9625000000000004,1.172441710797339,20.0,154.58333333333334,82.02434244553983
2017-12-03,9.0,0.0,18.208333333333332,33.17801677468756,0.0,52.666666666666664,144.28343683502808,1.4,5.858333333333333,3.1169824686938696,0.2,2.2583333333333333,1.983171957872729,12.0,179.91666666666666,91.83487860032393
2017-12-04,9.0,0.0,34.25,55.45327057434309,0.0,80.25,144.34477144489253,2.2,5.679166666666666,2.3226632327467587,0.1,1.0,0.5021692075819446,28.0,187.875,95.73528380496603
2017-12-05,9.0,0.0,24.041666666666668,41.23050703235321,0.0,0.0,0.0,2.5,3.9499999999999997,1.3094970823547691,2.0,3.3875000000000006,1.0397794498583948,74.0,243.375,67.58428714993757
2017-12-06,9.0,0.0,22.291666666666668,40.26486133058221,0.0,39.208333333333336,119.42870500725589,0.8,2.8125,1.5573981926388585,2.0,4.5375000000000005,1.358647825245188,206.0,268.3333333333333,25.81988897471611
2017-12-07,9.0,0.0,26.416666666666668,46.67083314733804,0.0,6.083333333333333,21.96027375030662,1.3,3.1,1.3564659966250534,1.8,3.6,1.5185805729436086,26.0,215.54166666666666,74.75349587094597
2017-12-08,9.0,0.0,32.708333333333336,54.398272963847624,0.0,10.458333333333334,32.76129631488784,2.0,4.5125,2.088750926937582,0.1,1.0,0.7706575396881941,4.0,194.625,107.69999091679747
2017-12-09,9.0,0.0,18.083333333333332,30.216489403702376,0.0,0.0,0.0,-0.1,1.9374999999999998,0.9370687413882487,0.3,0.9374999999999999,0.5330898447810609,19.0,143.41666666666666,119.30374704078251
2017-12-10,9.0,0.0,21.083333333333332,33.041366255921844,0.0,153.66666666666666,264.4511406613733,-0.9,4.2124999999999995,4.265566122782073,1.1,1.8541666666666667,0.44328729193199956,23.0,162.83333333333334,74.72015423749714
2017-12-11,9.0,0.0,25.166666666666668,42.47113256612396,0.0,0.0,0.0,-0.1,1.1208333333333333,0.8397614395543052,0.5,2.7708333333333335,1.1296321704783865,29.0,213.79166666666666,70.77335482809323
2017-12-12,9.0,0.0,14.166666666666666,24.003019133772153,0.0,0.0,0.0,1.2,5.004166666666667,2.073325236481697,3.7,5.658333333333334,1.3256390310260588,25.0,181.33333333333334,93.17942797152948
2017-12-13,9.0,0.0,32.458333333333336,50.809087826855354,0.0,72.20833333333333,140.34088287379805,0.3,3.454166666666666,1.6510811126591296,2.2,6.079166666666666,3.100908585877857,1.0,144.5,105.0039336737273
2017-12-14,9.0,0.0,8.416666666666666,14.04934368470693,0.0,0.0,0.0,3.5,6.654166666666666,1.6086665195168617,6.0,8.141666666666666,1.5239869526620158,0.0,200.79166666666666,112.65104996390853
2017-12-15,9.0,0.0,34.0,58.166178728072616,0.0,31.0,52.38652332505906,4.6,7.25,1.7641354576799024,0.7,2.8666666666666667,1.652578135143274,16.0,173.83333333333334,79.95741620260813
2017-12-16,9.0,0.0,18.333333333333332,38.17199823529497,0.0,24.166666666666668,66.31851119812802,6.7,8.629166666666668,1.758081752728059,1.2,3.216666666666667,1.6997868579086148,0.0,177.83333333333334,151.48559026511737
2017-12-17,9.0,0.0,18.541666666666668,31.350721740068252,0.0,0.0,0.0,5.7,6.508333333333334,0.6736769104772293,4.0,5.241666666666667,0.9636509681444817,2.0,190.08333333333334,160.49892771324502
2017-12-18,9.0,0.0,15.25,25.422088991576835,0.0,0.0,0.0,6.0,9.091666666666667,1.777373897359386,3.1,5.691666666666667,1.6502744611431908,2.0,117.41666666666667,100.61632535297757
2017-12-19,9.0,0.0,34.666666666666664,55.4253643604871,0.0,57.75,115.01427132619521,5.1,8.200000000000001,1.8904795802859815,1.3,4.291666666666667,2.790966275973823,8.0,145.91666666666666,128.35477893464784
2017-12-20,9.0,0.0,6.125,10.087928645060199,0.0,0.0,0.0,6.7,7.5041666666666655,0.468558535776775,1.3,4.154166666666668,2.5636216173806634,14.0,203.33333333333334,82.54678076395683
2017-12-21,9.0,0.0,7.458333333333333,12.289901003127188,0.0,0.0,0.0,-0.4,2.1958333333333324,1.820052356310154,0.3,1.0625,0.5807135790297703,5.0,133.625,130.5289614706587
2017-12-22,9.0,0.0,26.125,41.66252878004198,0.0,101.125,184.9386061466839,-0.2,6.129166666666666,4.560652047838036,1.8,2.4499999999999997,0.4925532414391098,38.0,232.41666666666666,72.15377098022435
2017-12-23,9.0,0.0,24.75,49.74216127889551,0.0,71.54166666666667,186.63006402265808,-0.5,3.6874999999999996,2.1038913222056346,1.3,2.704166666666666,1.0394309340531802,68.0,248.33333333333334,65.54166724250716
2017-12-24,9.0,0.0,18.541666666666668,28.564159919102433,0.0,188.66666666666666,320.6031905597657,-5.0,-1.9000000000000004,2.2740502078507605,0.0,1.179166666666667,0.5469116188568128,70.0,237.58333333333334,53.92097008115446
2017-12-25,9.0,0.0,33.916666666666664,57.99394021317465,0.0,33.666666666666664,55.908828475020606,-5.4,-3.3125,1.772817090052612,1.3,3.154166666666667,0.9055285109028709,73.0,242.08333333333334,49.05357910681346
2017-12-26,9.0,0.0,31.458333333333332,53.99434685921873,0.0,10.833333333333334,22.578686884964664,-3.7,-0.6583333333333335,2.456564703997747,0.5,1.9333333333333333,0.9168313422570848,14.0,202.625,92.67653541965896
2017-12-27,9.0,0.0,9.791666666666666,16.11906558589296,0.0,0.0,0.0,-0.6,-0.11666666666666668,0.35467887088079464,2.0,3.600000000000001,0.9380831519646858,1.0,140.125,112.63689738346804
2017-12-28,9.0,0.0,10.583333333333334,17.537330783631038,0.0,0.0,0.0,-0.5,0.4625000000000001,0.7608990677510046,0.7,3.4166666666666665,1.5315995238472997,13.0,218.29166666666666,85.31041995924758
2017-12-29,9.0,0.0,30.208333333333332,51.138328318282035,0.0,3.1666666666666665,6.9449178582594495,0.2,2.4916666666666667,1.9917038077914635,3.5,5.483333333333334,1.5352854618198406,1.0,153.25,144.4212588229309
2017-12-30,9.0,0.0,18.541666666666668,29.05463992978187,0.0,181.25,302.37023806844024,0.3,5.349999999999999,4.062982412828847,3.3,4.250000000000001,0.7150554858373489,1.0,126.20833333333333,136.89760666331946
2017-12-31,9.0,0.0,15.583333333333334,26.314017865614595,0.0,0.0,0.0,-0.4,1.6541666666666668,1.1432140682291752,0.6,3.408333333333333,1.2200914672293206,6.0,145.625,97.18463490114866
