EGID,heatingNeeds(Wh),coolingNeeds(Wh),GBAUP,GASTW,GAREA,GKLAS
2039711,97969700.0,-3297250.0,8015.0,2.0,430.0,1272.0
1013154,47263900.0,-134815000.0,8014.0,13.0,327.0,1122.0
1013149,240553000.0,-5804170.0,8011.0,6.0,422.0,1122.0
2037939,67803100.0,-13499900.0,8018.0,6.0,411.0,1130.0
1012992,79135100.0,-6433070.0,8011.0,6.0,236.0,1122.0
1013059,58712100.0,-21686000.0,8013.0,8.0,310.0,1122.0
1013047,160947000.0,-3015590.0,8011.0,6.0,264.0,1122.0
295099614,3438720.0,-323974.0,,,,
2037201,374902000.0,-13086200.0,8011.0,3.0,861.0,1230.0
295095039,8396770.0,-159325.0,8013.0,1.0,72.0,1251.0
1013163,55689800.0,-13037500.0,8014.0,7.0,246.0,1122.0
1013056,63906200.0,-5630280.0,8013.0,5.0,245.0,1122.0
1012869,133395000.0,-18402100.0,8011.0,7.0,351.0,1122.0
2039523,226639000.0,-91155900.0,8011.0,3.0,1662.0,1251.0
1013157,54460600.0,-14659700.0,8014.0,7.0,247.0,1122.0
1013051,104338000.0,-3430890.0,8016.0,7.0,340.0,1122.0
295095553,909100.0,-6957.27,,,,
1013117,139430000.0,-4213390.0,8011.0,6.0,264.0,1122.0
295081219,28050600.0,-990286.0,8017.0,2.0,319.0,1220.0
1013086,40262600.0,-17784900.0,8014.0,8.0,243.0,1122.0
1013135,60070300.0,-7674390.0,8013.0,6.0,198.0,1122.0
1013284,80203100.0,-1924040.0,8011.0,6.0,165.0,1122.0
2039258,117667000.0,-28776800.0,8013.0,4.0,430.0,1251.0
295101591,79371100.0,-829853.0,8014.0,1.0,428.0,1242.0
295095828,4558430.0,-5935.78,,,,
2038232,1109960000.0,-86576300.0,8016.0,9.0,3591.0,1220.0
190044370,81682500.0,-7584640.0,8014.0,4.0,552.0,1263.0
1012958,264851000.0,-12482300.0,8011.0,4.0,530.0,1211.0
295094850,95990900.0,-963473.0,,,,
295102954,1617010.0,-8424.15,,,,
1013194,71571300.0,-35414700.0,8014.0,8.0,411.0,1122.0
295104631,113105000.0,-2051350.0,8016.0,2.0,374.0,1265.0
295101810,19055900.0,-1283660.0,,,,
1013192,94095000.0,-24133200.0,8014.0,8.0,317.0,1122.0
2038847,114233000.0,-3049960.0,8021.0,6.0,363.0,1122.0
1013119,140125000.0,-4210250.0,8015.0,7.0,285.0,1122.0
1012966,103538000.0,-1464550.0,8011.0,5.0,216.0,1122.0
295081610,16807700.0,-18080900.0,,,,
295080446,1141020000.0,-53043100.0,8014.0,6.0,2627.0,1251.0
1013202,63016300.0,-10099100.0,8012.0,7.0,215.0,1122.0
1012891,55594000.0,-22144300.0,8012.0,8.0,236.0,1122.0
1013251,66574100.0,-9797220.0,8012.0,7.0,199.0,1122.0
1013007,63714400.0,-6042080.0,8011.0,7.0,202.0,1122.0
295081232,33450600.0,-1689820.0,8017.0,2.0,202.0,1274.0
1013008,56571300.0,-7649370.0,8013.0,7.0,202.0,1122.0
1013106,94769200.0,-7148390.0,8011.0,6.0,201.0,1122.0
295096701,19090900.0,-2097120.0,,,,
295157033,1948930.0,-193404.0,,,,
295094578,23837000.0,-2595850.0,,,,
295081375,21414900.0,-2051250.0,,,,
1012920,77033500.0,-7992060.0,8012.0,6.0,171.0,1122.0
1013209,42723700.0,-9373890.0,,8.0,169.0,1122.0
295103533,11625200.0,-58579.5,,,,
1013248,283462000.0,-10490200.0,8015.0,8.0,731.0,1130.0
2037444,88504100.0,-4175490.0,8018.0,9.0,330.0,1122.0
1013185,114440000.0,-25419600.0,8014.0,8.0,328.0,1122.0
1013227,106060000.0,-8768990.0,8011.0,6.0,255.0,1122.0
295111384,97948100.0,-10497500.0,8021.0,9.0,213.0,1122.0
295095554,1352690.0,-10441.8,,,,
295511883,2364410.0,-187628.0,,,,
295081608,59771700.0,-7613730.0,,,,
1013084,108686000.0,-21575300.0,8012.0,8.0,297.0,1122.0
1013005,110256000.0,-9099990.0,8011.0,6.0,290.0,1122.0
1013260,79744400.0,-6279090.0,8011.0,6.0,227.0,1122.0
295080439,43520600.0,-1729140.0,,,,
295087874,7071250.0,-127834.0,,,,
1013200,47264900.0,-7638980.0,8013.0,6.0,187.0,1122.0
1013242,233333000.0,-54702100.0,8013.0,8.0,590.0,1122.0
1013292,140983000.0,-13256900.0,8011.0,6.0,360.0,1122.0
2037447,112623000.0,-3866100.0,8018.0,9.0,371.0,1122.0
1013189,110000000.0,-22638200.0,8014.0,8.0,318.0,1122.0
1012941,102159000.0,-2937190.0,8019.0,6.0,301.0,1122.0
1013082,77249600.0,-30012100.0,8012.0,9.0,262.0,1122.0
1012902,95363200.0,-9284430.0,8011.0,6.0,253.0,1122.0
295094776,330094000.0,-2916900.0,8014.0,4.0,814.0,1252.0
2038626,153365000.0,-9258300.0,8014.0,7.0,297.0,1122.0
1013093,80093500.0,-2474630.0,8017.0,8.0,276.0,1122.0
295081244,11945700.0,-649758.0,,,,
1012922,52957400.0,-28339400.0,8015.0,9.0,246.0,1122.0
1013231,91598000.0,-17816000.0,8013.0,7.0,241.0,1122.0
1013003,113473000.0,-11387500.0,8011.0,7.0,240.0,1122.0
1013068,106132000.0,-8193880.0,8012.0,6.0,238.0,1122.0
1013130,132811000.0,-3502250.0,8011.0,6.0,257.0,1122.0
295080452,4964290.0,-578990.0,,,,
1013049,64424100.0,-1300940.0,8017.0,7.0,194.0,1122.0
295101767,22196200.0,-753440.0,,,,
295081202,1421870.0,-139852.0,,,,
295094840,137489000.0,-5815930.0,8012.0,3.0,389.0,1251.0
1013032,49440400.0,-10166500.0,8012.0,7.0,170.0,1122.0
1013290,81398800.0,-2160440.0,8011.0,7.0,171.0,1122.0
295030332,16060500.0,-274233.0,8020.0,2.0,126.0,1110.0
1012909,76114400.0,-3785330.0,8011.0,5.0,161.0,1122.0
295101583,7185540.0,-2654910.0,,,,
295095544,3175580.0,-570790.0,,,,
295101804,28517500.0,-2672830.0,,,,
295081614,9578270.0,-269382.0,,,,
295081204,5036350.0,-272909.0,,,,
295127870,151870000.0,-5441390.0,,,,
295081783,139238000.0,-43478700.0,,,,
295094770,4193930.0,-116091.0,,,,
295075088,1867790.0,-693464.0,,,,
1013148,127195000.0,-16667400.0,8011.0,7.0,328.0,1122.0
1013132,190405000.0,-5108630.0,8011.0,7.0,331.0,1122.0
2038841,145245000.0,-8565230.0,8014.0,7.0,324.0,1122.0
2037107,64843800.0,-188717000.0,8013.0,7.0,1276.0,1230.0
1013255,1049350000.0,-31907200.0,8012.0,1.0,1432.0,1274.0
1012880,64825400.0,-5395890.0,8012.0,6.0,196.0,1122.0
295101565,61209100.0,-547045.0,8014.0,1.0,194.0,1220.0
1013113,100196000.0,-2356980.0,8011.0,6.0,195.0,1122.0
295080441,29084000.0,-3847080.0,,,,
295094839,21209700.0,-2525050.0,,,,
295094560,24112300.0,-2477430.0,,,,
1013246,107953000.0,-15616700.0,8012.0,7.0,295.0,1122.0
295081589,98667000.0,-2206480.0,8012.0,2.0,292.0,1220.0
1012956,174680000.0,-5191760.0,8011.0,7.0,288.0,1122.0
295087875,54282500.0,-480282.0,,,,
295095807,92123400.0,-10984400.0,8012.0,6.0,231.0,1251.0
2039730,35537200.0,-24546000.0,8018.0,7.0,394.0,1122.0
295101570,218406000.0,-4467370.0,,,,
1012947,238182000.0,-5076570.0,8015.0,9.0,551.0,1122.0
2039722,214606000.0,-6033060.0,8013.0,4.0,518.0,1130.0
295095861,406152000.0,-13243000.0,8012.0,3.0,959.0,1251.0
295172940,352779000.0,-7885320.0,,,,
295080460,88363800.0,-2618610.0,8013.0,1.0,504.0,1251.0
1013195,73552100.0,-33109900.0,8014.0,8.0,360.0,1122.0
1012878,80713900.0,-8473970.0,8011.0,6.0,264.0,1122.0
1012965,166221000.0,-6605320.0,8011.0,7.0,286.0,1220.0
295112736,367385000.0,-25746200.0,8022.0,8.0,1121.0,1220.0
1013085,68788300.0,-17834800.0,8012.0,8.0,243.0,1122.0
2037813,50605600.0,-3674560.0,8013.0,2.0,244.0,1251.0
1013013,79460200.0,-9737090.0,8012.0,7.0,220.0,1122.0
295080714,85565400.0,-1532700.0,8013.0,5.0,221.0,1122.0
1012864,74384500.0,-5503850.0,8012.0,5.0,202.0,1122.0
295096297,17612000.0,-249319.0,,,,
2039332,128448000.0,-35495500.0,8014.0,8.0,474.0,1130.0
1013028,77900500.0,-2152880.0,8011.0,6.0,148.0,1122.0
1013196,50987500.0,-5140080.0,8011.0,6.0,151.0,1122.0
295081281,7754050.0,-135443.0,,,,
295095545,16462800.0,-87430.6,8011.0,2.0,50.0,1110.0
295516185,8239450.0,-502246.0,,,,
295097005,253648000.0,-8145490.0,8012.0,5.0,595.0,1220.0
2037214,103984000.0,-2360420.0,8013.0,4.0,399.0,1263.0
1013150,195678000.0,-4554970.0,8011.0,7.0,327.0,1122.0
2037885,24215900.0,-1169510.0,8014.0,1.0,321.0,1230.0
1012883,55203800.0,-11312700.0,8013.0,7.0,250.0,1122.0
295081609,177269000.0,-86476600.0,,,,
295087680,4334350.0,-69242.3,,,,
295097162,43825000.0,-316186.0,,,,
295103582,25483500.0,-1021420.0,,,,
295081242,5918720.0,-146496.0,,,,
1013071,148302000.0,-4468930.0,8013.0,7.0,294.0,1122.0
1012942,75114000.0,-6073810.0,8019.0,5.0,293.0,1122.0
1013276,128142000.0,-1761950.0,8017.0,8.0,290.0,1122.0
1013137,113848000.0,-3029050.0,8012.0,6.0,226.0,1122.0
1013226,99272100.0,-9048710.0,8011.0,6.0,247.0,1122.0
295140566,325327000.0,-11169500.0,,,,
2037881,529842000.0,-11179400.0,8011.0,3.0,1417.0,1261.0
1012948,223278000.0,-7543490.0,8015.0,9.0,550.0,1122.0
2036983,1822200000.0,-52324200.0,8015.0,2.0,4337.0,1263.0
1013012,112981000.0,-23781100.0,8011.0,8.0,343.0,1122.0
1013052,199845000.0,-4715410.0,8011.0,6.0,355.0,1122.0
2038198,131791000.0,-2688970.0,8014.0,6.0,339.0,1121.0
1013177,195219000.0,-6285390.0,8014.0,8.0,350.0,1122.0
1013201,72486600.0,-27270700.0,8013.0,8.0,276.0,1122.0
295097161,1283290.0,-23712.4,,,,
1013098,80743100.0,-2534450.0,8017.0,8.0,276.0,1122.0
295101805,15064600.0,-1335750.0,,,,
1012875,105892000.0,-2306790.0,8011.0,6.0,188.0,1122.0
1013083,77268600.0,-29186100.0,8012.0,9.0,260.0,1122.0
1012900,71203600.0,-20556400.0,8012.0,8.0,244.0,1122.0
1012857,49073600.0,-2571770.0,8015.0,4.0,193.0,1122.0
1013114,70762800.0,-8699210.0,8011.0,7.0,187.0,1122.0
1012967,56897900.0,-558325.0,8011.0,5.0,119.0,1230.0
2037120,44843500.0,-2166550.0,8014.0,5.0,108.0,1122.0
1013210,65991900.0,-4936850.0,8011.0,6.0,163.0,1122.0
1013143,100349000.0,-1679460.0,8011.0,6.0,178.0,1122.0
1013266,106497000.0,-2094990.0,8012.0,7.0,163.0,1122.0
295112641,106619000.0,-6810530.0,8021.0,8.0,264.0,1122.0
2038490,42246800.0,-1459230.0,8013.0,1.0,155.0,1272.0
2037077,13019400.0,-104224.0,8015.0,2.0,56.0,1220.0
295101786,9678580.0,-337394.0,,,,
295138605,12552800.0,-71853.7,,,,
295081203,3761610.0,-289155.0,,,,
1013279,173325000.0,-3631840.0,8017.0,8.0,472.0,1122.0
295081847,158481000.0,-3312400.0,8012.0,1.0,634.0,1252.0
2039731,344428000.0,-16815100.0,,,629.0,1261.0
2037441,29595000.0,-154604000.0,8018.0,10.0,633.0,1122.0
1013142,82182900.0,-6271350.0,8011.0,6.0,214.0,1122.0
1013166,48985500.0,-127207000.0,8014.0,13.0,325.0,1122.0
1013273,863567000.0,-54743900.0,8015.0,10.0,1721.0,1220.0
1013250,59647500.0,-9405950.0,8012.0,7.0,195.0,1122.0
1013235,55151700.0,-16961300.0,8013.0,8.0,194.0,1122.0
295094876,2275690.0,-32951.2,,,,
1013293,78486200.0,-3283340.0,8012.0,5.0,176.0,1122.0
1013145,71843500.0,-2768950.0,8011.0,5.0,140.0,1122.0
1013249,63417300.0,-1389950.0,8011.0,6.0,127.0,1122.0
1013213,125783000.0,-2779860.0,8011.0,6.0,208.0,1122.0
1012917,69379200.0,-9700890.0,8013.0,7.0,207.0,1122.0
1012873,63549300.0,-9903560.0,8011.0,7.0,221.0,1122.0
1013169,74884300.0,-12431200.0,8011.0,7.0,231.0,1122.0
1013136,109234000.0,-3610800.0,8011.0,7.0,226.0,1122.0
1013217,129647000.0,-3459690.0,8011.0,7.0,248.0,1122.0
2039529,99585200.0,-29656600.0,8012.0,8.0,363.0,1122.0
295127869,13792200.0,-463797.0,,,,
9006891,5339520000.0,-114305000.0,8018.0,7.0,10264.0,1263.0
295143991,115474000.0,-2869270.0,8015.0,7.0,352.0,1211.0
1012866,118018000.0,-17839700.0,8011.0,7.0,348.0,1122.0
295172941,226024000.0,-5759640.0,,,,
2039264,80255500.0,-4616700.0,8013.0,2.0,342.0,1251.0
2037817,75182700.0,-27919.9,8014.0,1.0,889.0,1242.0
295097773,350740000.0,-17582700.0,8012.0,4.0,840.0,1251.0
2037956,307119000.0,-7937880.0,8011.0,4.0,563.0,1261.0
295079724,22755700.0,-180682.0,8011.0,1.0,90.0,1265.0
2037443,144261000.0,-7015500.0,8018.0,9.0,521.0,1122.0
295080448,3533000.0,-415073.0,,,,
295101571,41503300.0,-88934.1,,,,
1013122,215786000.0,-5672460.0,8012.0,7.0,259.0,1122.0
1013147,108226000.0,-12729800.0,8013.0,7.0,267.0,1122.0
2037206,144969000.0,-4498060.0,8012.0,8.0,245.0,1122.0
1013178,100692000.0,-13536400.0,8012.0,7.0,246.0,1122.0
1013115,115204000.0,-7096410.0,8011.0,5.0,241.0,1122.0
1013294,68993200.0,-6852980.0,8011.0,6.0,219.0,1122.0
1013112,121319000.0,-2754980.0,8011.0,6.0,218.0,1122.0
1013011,84863300.0,-4313520.0,8011.0,5.0,215.0,1122.0
1012988,79308400.0,-6200980.0,8012.0,6.0,202.0,1122.0
295076509,7764020.0,-511898.0,,,,
1013029,47559300.0,-5774200.0,8011.0,6.0,115.0,1122.0
295129186,12434900.0,-5356.22,8021.0,1.0,89.0,1252.0
295075801,25373100.0,-509482.0,8011.0,4.0,87.0,1265.0
295094561,24120200.0,-2566980.0,,,,
1013274,75798200.0,-5308430.0,8012.0,5.0,170.0,1122.0
1013275,87139600.0,-1546170.0,8011.0,7.0,165.0,1122.0
1013022,87707400.0,-2253270.0,8011.0,6.0,164.0,1122.0
1013027,82318500.0,-2116200.0,8011.0,6.0,153.0,1122.0
295094778,2893880.0,-283628.0,,,,
1013236,93985200.0,-23331300.0,8013.0,8.0,272.0,1122.0
1013138,107576000.0,-8954110.0,8011.0,6.0,282.0,1122.0
1013063,64323800.0,-5936120.0,8013.0,5.0,301.0,1122.0
295081611,18714100.0,-8871750.0,8016.0,2.0,241.0,1251.0
295094775,3038420.0,-294028.0,8014.0,1.0,68.0,1251.0
1012975,166356000.0,-9014490.0,8011.0,5.0,464.0,1122.0
1012921,73442500.0,-57497800.0,8015.0,9.0,459.0,1122.0
1013254,237731000.0,-8288670.0,8015.0,10.0,598.0,1122.0
295010322,70794100.0,-14580800.0,8020.0,6.0,402.0,1122.0
1013123,148249000.0,-2987700.0,8012.0,7.0,256.0,1122.0
9006922,169209000.0,-4976980.0,8012.0,3.0,399.0,1220.0
1013074,119716000.0,-9923390.0,8011.0,6.0,332.0,1122.0
1013009,165630000.0,-3706140.0,8012.0,5.0,324.0,1130.0
1013158,127616000.0,-6500720.0,8014.0,7.0,250.0,1122.0
1013133,83618300.0,-6455030.0,8012.0,6.0,214.0,1122.0
1013199,83872700.0,-7907430.0,8013.0,6.0,210.0,1122.0
1013057,55076700.0,-4981600.0,8013.0,5.0,210.0,1122.0
295079723,1518230.0,-203495.0,,,,
295079710,45843200.0,-2803310.0,8013.0,3.0,207.0,1220.0
2038110,94591400.0,-3410700.0,8018.0,8.0,235.0,1122.0
1013026,65827900.0,-8242590.0,8013.0,6.0,247.0,1122.0
295079699,81042200.0,-4506820.0,8017.0,7.0,255.0,1220.0
1013069,77281000.0,-9408630.0,8013.0,6.0,255.0,1122.0
1012852,73502700.0,-5892010.0,8012.0,5.0,202.0,1122.0
295097740,78735200.0,-826527.0,8012.0,1.0,316.0,1251.0
1012898,152463000.0,-14446800.0,8016.0,8.0,422.0,1130.0
295096992,61481500.0,-2820530.0,,,,
295097163,1797560.0,-36969.2,,,,
1013153,582894000.0,-14229900.0,8014.0,2.0,2469.0,1274.0
295040271,128121000.0,-16442500.0,8020.0,4.0,567.0,1263.0
295079722,231409000.0,-3219400.0,8018.0,1.0,1106.0,1251.0
295081225,360556000.0,-13667700.0,,,,
2039329,250097000.0,-17742300.0,8015.0,9.0,517.0,1220.0
2038202,296969000.0,-28720000.0,8013.0,6.0,719.0,1251.0
1013174,40497100.0,-19192600.0,8014.0,8.0,248.0,1122.0
1013186,111365000.0,-22155300.0,8014.0,8.0,318.0,1122.0
1012945,46403100.0,-2232530.0,8019.0,5.0,203.0,1122.0
1013277,133520000.0,-3006570.0,8014.0,6.0,314.0,1122.0
2037284,111214000.0,-6090720.0,8013.0,7.0,303.0,1220.0
1013120,208350000.0,-6267130.0,8012.0,6.0,283.0,1122.0
1013134,145674000.0,-3419720.0,8011.0,6.0,273.0,1122.0
1013102,88854200.0,-15107100.0,8012.0,7.0,264.0,1122.0
1013088,73852100.0,-10116900.0,8012.0,7.0,242.0,1122.0
1012957,119467000.0,-7236660.0,8013.0,5.0,261.0,1122.0
1013197,94562800.0,-12254000.0,8011.0,7.0,216.0,1122.0
2039265,58175800.0,-3846980.0,8013.0,2.0,237.0,1251.0
1012934,77106200.0,-1849100.0,8016.0,7.0,238.0,1122.0
1013261,115224000.0,-8470840.0,8012.0,6.0,233.0,1122.0
1013067,82705100.0,-5682300.0,8012.0,6.0,200.0,1122.0
1013014,73118600.0,-1440340.0,8013.0,7.0,141.0,1122.0
295080435,43166500.0,-513952.0,,,,
1013288,93613400.0,-10989200.0,8011.0,5.0,165.0,1122.0
1012990,62814300.0,-9545490.0,8012.0,7.0,180.0,1122.0
1013023,83969200.0,-2788600.0,8011.0,6.0,158.0,1122.0
1013206,113252000.0,-2954220.0,8011.0,5.0,162.0,1122.0
295163340,4025700.0,-161325.0,,,,
1013021,145704000.0,-4114820.0,8012.0,4.0,337.0,1272.0
295094636,482176000.0,-11688200.0,8011.0,1.0,440.0,1272.0
295096278,1047650.0,-124896.0,,,,
2039881,152987000.0,-5307750.0,8014.0,2.0,471.0,1211.0
295010320,56643300.0,-1815730.0,8020.0,6.0,321.0,1122.0
1013095,128143000.0,-2650590.0,8017.0,8.0,374.0,1122.0
295081220,3094310.0,-204463.0,,,,
1012949,368787000.0,-18424500.0,8012.0,5.0,1205.0,1212.0
1013220,107611000.0,-10832300.0,8012.0,6.0,250.0,1122.0
295081265,92309500.0,-4438690.0,,,,
1013205,72081200.0,-3080340.0,8011.0,5.0,178.0,1122.0
1013075,55217100.0,-1871980.0,8011.0,5.0,139.0,1122.0
1013000,72107900.0,-1822910.0,8011.0,7.0,131.0,1211.0
1013160,56072800.0,-12691300.0,8014.0,7.0,247.0,1122.0
295081218,46792200.0,-1509950.0,8014.0,2.0,120.0,1263.0
1012986,125462000.0,-6713230.0,8012.0,6.0,248.0,1122.0
3131676,125529000.0,-4604860.0,8019.0,9.0,451.0,1122.0
1013081,190692000.0,-6983990.0,8013.0,8.0,411.0,1122.0
9082278,519240000.0,-23016200.0,,,922.0,1263.0
1013271,241213000.0,-4093350.0,8014.0,2.0,841.0,1272.0
2038396,216549000.0,-11924700.0,8014.0,8.0,511.0,1220.0
2037962,230650000.0,-7518130.0,8011.0,5.0,474.0,1220.0
1012853,72608000.0,-6048760.0,8011.0,5.0,201.0,1122.0
1012927,136689000.0,-22245900.0,8012.0,7.0,351.0,1122.0
1012980,141607000.0,-7167480.0,8013.0,7.0,355.0,1122.0
1012930,107033000.0,-19596600.0,8012.0,7.0,349.0,1122.0
1012983,98282300.0,-7783360.0,8011.0,6.0,275.0,1122.0
1012860,75421500.0,-2130170.0,8016.0,5.0,258.0,1122.0
1013184,102521000.0,-30531200.0,8013.0,9.0,272.0,1122.0
1013001,91626300.0,-14325600.0,8011.0,7.0,272.0,1122.0
1012989,64293800.0,-7274250.0,8011.0,6.0,199.0,1122.0
1012963,48063900.0,-9031090.0,8019.0,6.0,244.0,1122.0
1013233,81689500.0,-17824300.0,8013.0,7.0,241.0,1122.0
1013289,130712000.0,-2180580.0,8013.0,7.0,237.0,1122.0
1012893,62133600.0,-14972400.0,8013.0,7.0,235.0,1122.0
2039251,79558100.0,-1094340.0,8011.0,6.0,185.0,1211.0
295094844,21910700.0,-909303.0,,,,
295096290,1333070.0,-282617.0,,,,
295095860,654788.0,-120440.0,,,,
1013018,96302500.0,-3895750.0,8012.0,5.0,202.0,1122.0
295101766,10211400.0,-591490.0,8021.0,1.0,63.0,1130.0
295087279,16721700.0,-296784.0,,,,
295087865,17887000.0,-867297.0,,,,
2037218,20151300.0,-3764490.0,8017.0,4.0,92.0,1251.0
295080436,7652440.0,-110.499,,,,
295101582,8425260.0,-163807.0,,,,
295096282,1084670.0,-99081.8,,,,
295102970,67627700.0,-792394.0,8013.0,1.0,321.0,1261.0
295116927,39341700.0,-7722780.0,8012.0,6.0,179.0,1122.0
295094777,13720300.0,-103775.0,8012.0,1.0,56.0,1251.0
295097560,9683030.0,-191907.0,,,,
1013043,163974000.0,-22609700.0,8012.0,7.0,437.0,1122.0
1013017,118905000.0,-3820560.0,8011.0,7.0,205.0,1122.0
295096277,3196730.0,-964582.0,,,,
295087679,4466380.0,-64930.3,,,,
2037891,30054700.0,-1284460.0,8013.0,1.0,324.0,1230.0
1012993,91618200.0,-8790460.0,8012.0,6.0,253.0,1122.0
1013164,66093000.0,-15663600.0,8014.0,7.0,248.0,1122.0
1013058,49544000.0,-4467010.0,8013.0,5.0,211.0,1122.0
1013268,46534800.0,-2264250.0,8014.0,4.0,140.0,1122.0
295096289,14052700.0,-937076.0,,,,
295131525,137093000.0,-920761.0,8011.0,2.0,247.0,1110.0
295172939,173072000.0,-4838050.0,,,,
295101567,61448000.0,-636355.0,8014.0,1.0,440.0,1274.0
1012940,250392000.0,-7948100.0,8011.0,6.0,432.0,1220.0
1013272,180992000.0,-77749800.0,8014.0,9.0,814.0,1122.0
295101746,1424330000.0,-43234200.0,8015.0,5.0,2668.0,1251.0
1013244,116499000.0,-2559140.0,8015.0,2.0,1084.0,1242.0
295101757,20515800.0,-1111020.0,,,,
1012972,75726200.0,-48875700.0,8015.0,9.0,360.0,1122.0
2038226,206515000.0,-9902650.0,8014.0,8.0,391.0,1220.0
2038228,173208000.0,-8002120.0,8013.0,8.0,341.0,1220.0
2039259,77711500.0,-2320210.0,8018.0,7.0,285.0,1122.0
1013116,169479000.0,-3750540.0,8011.0,6.0,302.0,1122.0
1013162,54267700.0,-13599100.0,8014.0,7.0,246.0,1122.0
1013006,83010500.0,-10413300.0,8011.0,7.0,246.0,1122.0
1013089,58087900.0,-15749200.0,8012.0,8.0,242.0,1122.0
1012901,84085100.0,-13882800.0,8012.0,7.0,241.0,1122.0
1013078,86065900.0,-2262720.0,8014.0,5.0,240.0,1122.0
1012887,82435900.0,-6272810.0,8011.0,6.0,219.0,1122.0
1013171,63745600.0,-11007400.0,8012.0,7.0,219.0,1122.0
1012935,75707200.0,-1189770.0,8011.0,4.0,193.0,1122.0
1012926,71348600.0,-3938360.0,8012.0,5.0,191.0,1122.0
295101768,20783000.0,-561685.0,,,,
295094874,20417900.0,-203134.0,8012.0,1.0,113.0,1251.0
295081038,921531.0,-85800.1,,,,
295096734,23248900.0,-2464390.0,,,,
295102915,704040.0,-57105.4,,,,
295103581,50510700.0,-922381.0,8014.0,1.0,170.0,1263.0
1012954,113096000.0,-4935380.0,8012.0,7.0,168.0,1122.0
295076504,15652900.0,-479850.0,8020.0,2.0,124.0,1110.0
2038842,31923600.0,-820181.0,8013.0,3.0,156.0,1220.0
1012938,99148900.0,-2554180.0,8012.0,6.0,171.0,1122.0
295168134,6909480.0,-296576.0,,,,
295080445,6478910.0,-216697.0,,,,
1013105,66284800.0,-3786000.0,8011.0,6.0,168.0,1122.0
2039726,93259300.0,-1636390.0,8011.0,6.0,163.0,1122.0
1012999,243755000.0,-4800440.0,8012.0,4.0,617.0,1265.0
1013076,76584600.0,-1090070.0,8011.0,6.0,148.0,1122.0
1013151,49392700.0,-132748000.0,8014.0,13.0,326.0,1122.0
1013182,68346400.0,-53113500.0,8014.0,10.0,326.0,1122.0
1013181,95699600.0,-36065400.0,8014.0,9.0,323.0,1122.0
1013040,159971000.0,-6524080.0,8012.0,5.0,315.0,1122.0
2037894,406135000.0,-8911790.0,8014.0,2.0,1538.0,1261.0
1013072,83156900.0,-11686200.0,8011.0,7.0,176.0,1122.0
1013046,80642400.0,-1629780.0,8011.0,6.0,138.0,1122.0
1012933,87465900.0,-2275450.0,8011.0,4.0,161.0,1122.0
1012914,60299500.0,-3547530.0,8011.0,5.0,150.0,1122.0
1012996,113735000.0,-1672320.0,8011.0,5.0,205.0,1122.0
1012890,76096800.0,-13616300.0,8012.0,7.0,230.0,1122.0
1012884,85217300.0,-8397940.0,8011.0,6.0,231.0,1122.0
295164553,310053000.0,-7825190.0,,,,
1012964,72030300.0,-10085900.0,8019.0,6.0,328.0,1122.0
1012854,35329100.0,-1662020.0,8016.0,4.0,159.0,1122.0
295080528,89945300.0,-2237850.0,,,,
1012924,148153000.0,-4344840.0,8017.0,3.0,571.0,1110.0
1013222,121002000.0,-52740800.0,8013.0,8.0,550.0,1122.0
2037899,319773000.0,-18718000.0,,,500.0,
1013176,374543000.0,-13177100.0,8014.0,11.0,871.0,1122.0
1013126,133844000.0,-16260600.0,8011.0,7.0,318.0,1122.0
1013183,82022200.0,-32736200.0,8013.0,9.0,317.0,1122.0
295087346,14017600.0,-990806.0,,,,
1013010,149608000.0,-13373800.0,8011.0,6.0,316.0,1122.0
1012946,88871500.0,-4099670.0,8014.0,9.0,316.0,1122.0
1012867,81545800.0,-18465300.0,8015.0,7.0,311.0,1122.0
1013212,193163000.0,-9335740.0,8012.0,5.0,307.0,1122.0
2038338,73768200.0,-1718040.0,8014.0,2.0,304.0,1220.0
2037884,18126600.0,-847957.0,8014.0,1.0,264.0,1230.0
2037888,10786500.0,-1536840.0,8014.0,1.0,263.0,1230.0
295094178,879561000.0,-89482500.0,8014.0,19.0,885.0,1220.0
295094208,272493000.0,-16321700.0,8014.0,1.0,978.0,1251.0
1013035,121891000.0,-1958360.0,8013.0,5.0,301.0,1122.0
1012877,153765000.0,-15909800.0,8021.0,7.0,470.0,1122.0
1013179,120794000.0,-8034730.0,8012.0,6.0,260.0,1122.0
1013168,68846100.0,-13001500.0,8012.0,7.0,244.0,1122.0
295080486,52125200.0,-4735100.0,,,,
1012997,71038200.0,-10626100.0,8012.0,7.0,216.0,1122.0
295080442,34546900.0,-3629880.0,8014.0,2.0,185.0,1252.0
1013104,101132000.0,-2085510.0,8011.0,7.0,182.0,1122.0
295096983,55152400.0,-628256.0,8012.0,1.0,275.0,1251.0
295101248,10889800.0,-68299.5,,,,
1012910,59485300.0,-2263360.0,8012.0,5.0,106.0,1122.0
295081421,946978.0,-112352.0,,,,
1013121,150858000.0,-16839400.0,8012.0,7.0,312.0,1122.0
1013031,39311700.0,-1435310.0,8013.0,7.0,69.0,1122.0
1013211,90716400.0,-4093460.0,8011.0,5.0,180.0,1122.0
295148913,40847900.0,-541044.0,,,,
1012968,72125800.0,-2044900.0,8011.0,7.0,153.0,1122.0
295101579,6120550.0,-92369.5,,,,
295094209,6825820.0,-92896.3,,,,
295510511,3199310.0,-14103.0,,,,
295511884,157848.0,-30779.1,,,,
1013039,62702000.0,-5669930.0,8013.0,5.0,260.0,1122.0
2037897,204064000.0,-8910140.0,8013.0,7.0,458.0,1220.0
2038845,110572000.0,-29640500.0,8019.0,6.0,666.0,1122.0
1013155,45652700.0,-127268000.0,8014.0,13.0,326.0,1122.0
2037886,24957600.0,-1211410.0,8014.0,1.0,321.0,1230.0
295080454,210177000.0,-7083090.0,8015.0,1.0,1247.0,1251.0
1012882,129634000.0,-1659410.0,8011.0,6.0,250.0,1122.0
295099698,1294480.0,-46520.5,,,,
1013055,86159500.0,-2905850.0,8011.0,6.0,143.0,1122.0
295081240,10190100.0,-412639.0,8014.0,1.0,36.0,1242.0
1013103,161786000.0,-3601640.0,8011.0,8.0,291.0,1122.0
1013118,187468000.0,-4130450.0,8011.0,7.0,294.0,1122.0
1013034,101772000.0,-5931420.0,8011.0,5.0,291.0,1122.0
1013230,165534000.0,-5009440.0,8012.0,6.0,289.0,1122.0
1013131,62591200.0,-7918670.0,8013.0,6.0,208.0,1122.0
1012995,80016700.0,-4373830.0,8011.0,5.0,222.0,1122.0
1013139,107710000.0,-7190650.0,8011.0,6.0,233.0,1122.0
1012894,60764000.0,-13301200.0,8014.0,7.0,229.0,1122.0
1013060,101268000.0,-2705650.0,8011.0,7.0,247.0,1122.0
2037878,273326000.0,-8725960.0,8011.0,4.0,511.0,1263.0
295097181,1552620.0,-198190.0,,,,
1013170,64865800.0,-10207500.0,8012.0,7.0,211.0,1122.0
295116926,183509000.0,-6142680.0,8012.0,5.0,427.0,1122.0
295081239,308964000.0,-12262600.0,8017.0,5.0,893.0,1274.0
295101605,86424300.0,-86664.8,,,,
295101867,69493100.0,-62813.5,8014.0,1.0,891.0,1242.0
295080459,85002400.0,-2291040.0,,,,
1013041,198089000.0,-4827500.0,8012.0,7.0,381.0,1122.0
295148996,72104900.0,-3649770.0,,,,
2038112,112335000.0,-2337900.0,8018.0,7.0,366.0,1122.0
1012897,90001000.0,-28272300.0,8012.0,8.0,314.0,1122.0
1012929,98993900.0,-20219800.0,8011.0,7.0,354.0,1122.0
1013100,80789400.0,-2481640.0,8017.0,8.0,275.0,1122.0
2038944,87737700.0,-2332110.0,8012.0,2.0,313.0,1252.0
1013110,114909000.0,-4240420.0,8011.0,5.0,282.0,1122.0
2038339,74599900.0,-3327560.0,8014.0,3.0,278.0,1263.0
1013111,152893000.0,-2063110.0,8012.0,6.0,265.0,1122.0
1013228,78558800.0,-11563800.0,8012.0,7.0,258.0,1122.0
295010321,68560900.0,-1879870.0,8020.0,6.0,261.0,1122.0
2037955,130081000.0,-4478670.0,8012.0,6.0,246.0,1220.0
295081234,139457000.0,-858194.0,8017.0,2.0,594.0,1220.0
1013054,135964000.0,-3912730.0,8011.0,7.0,236.0,1122.0
2039592,74306600.0,-1596860.0,8014.0,5.0,190.0,1264.0
295095851,4544270.0,-5850.23,,,,
295075594,4096060.0,-107749.0,,,,
295087883,2648660.0,-781108.0,,,,
295101590,2286350.0,-77540.5,,,,
295103531,8647820.0,-509.283,,,,
295097006,14847800.0,-245276.0,,,,
1013033,185286000.0,-4815420.0,8013.0,8.0,354.0,1122.0
1013061,43823200.0,-5350770.0,8011.0,6.0,148.0,1122.0
1013208,67428000.0,-4510250.0,8011.0,6.0,169.0,1122.0
295101747,8120420.0,-782386.0,,,,
1012950,137893000.0,-1176640.0,8014.0,1.0,473.0,1252.0
295101596,300905000.0,-14273100.0,,,,
1013253,21978000.0,-44372000.0,8015.0,10.0,248.0,1122.0
1013097,150036000.0,-4246090.0,8017.0,8.0,372.0,1122.0
2038401,822114000.0,-36390900.0,8014.0,6.0,1996.0,1220.0
1013048,82622300.0,-9526700.0,8011.0,7.0,198.0,1122.0
1012994,104771000.0,-2801470.0,8011.0,5.0,195.0,1122.0
1012923,98173700.0,-2716190.0,8011.0,7.0,178.0,1122.0
1013127,111485000.0,-7211460.0,8012.0,6.0,295.0,1122.0
1013278,128083000.0,-3239080.0,8014.0,7.0,292.0,1122.0
1012872,118308000.0,-10598100.0,8011.0,6.0,286.0,1122.0
1012955,63238500.0,-11802400.0,8011.0,7.0,207.0,1122.0
1013065,43928300.0,-2731370.0,8013.0,5.0,206.0,1122.0
1013073,88144200.0,-7772340.0,8012.0,6.0,225.0,1122.0
1012855,52251000.0,-2228410.0,8016.0,4.0,231.0,1122.0
1012895,66678400.0,-19408500.0,8012.0,8.0,233.0,1122.0
295081616,89896500.0,-10366200.0,8012.0,4.0,431.0,1241.0
295082361,155753000.0,-7171600.0,8012.0,4.0,424.0,1263.0
2037903,146525000.0,-3966100.0,8018.0,7.0,501.0,1122.0
295094870,169614000.0,-2938380.0,8013.0,1.0,1231.0,1251.0
295082366,966036000.0,-27322000.0,8013.0,4.0,2480.0,1251.0
295101573,226693000.0,-11347800.0,8013.0,9.0,2210.0,1242.0
1013243,220069000.0,-7199280.0,8017.0,8.0,509.0,1122.0
295087307,97933000.0,-4701620.0,8012.0,7.0,191.0,1220.0
1013173,37872900.0,-19452900.0,8014.0,8.0,152.0,1122.0
295144190,152215000.0,-4050080.0,8015.0,8.0,372.0,1122.0
1013096,151649000.0,-4368940.0,8017.0,8.0,377.0,1122.0
2037202,108289000.0,-2461610.0,8017.0,6.0,279.0,1220.0
295096279,1050960.0,-126491.0,,,,
1013101,87809500.0,-2404300.0,8017.0,8.0,278.0,1122.0
1012982,84648500.0,-2127470.0,8017.0,5.0,278.0,1122.0
295095060,33399100.0,-1348940.0,,,,
1012971,65237000.0,-10112200.0,8014.0,6.0,267.0,1122.0
1013038,70926100.0,-5601530.0,8013.0,5.0,263.0,1122.0
1013141,96250000.0,-7022830.0,8012.0,6.0,219.0,1122.0
1012932,109998000.0,-3535470.0,8011.0,10.0,255.0,1122.0
1012960,118947000.0,-6101580.0,8011.0,5.0,233.0,1220.0
1013066,120469000.0,-2015180.0,8011.0,3.0,189.0,1220.0
295084173,1296650.0,-237152.0,,,,
295094622,3230820.0,-175364.0,,,,
295094877,3372430.0,-36069.8,,,,
295080451,4380210.0,-620657.0,,,,
295081374,12986600.0,-27775.1,8013.0,1.0,100.0,1242.0
295102956,1375210.0,-32086.7,,,,
295129714,405959.0,-40001.1,,,,
2037215,49093300.0,-2214490.0,8014.0,4.0,147.0,1264.0
1013285,42154300.0,-4579510.0,8011.0,6.0,123.0,1122.0
295079725,87532900.0,-3360300.0,8015.0,6.0,222.0,1220.0
1013241,88614500.0,-2048610.0,8011.0,6.0,156.0,1122.0
295079652,26988000.0,-910681.0,,,,
295095160,11728900.0,-578897.0,,,,
295127871,215448000.0,-6897430.0,,,,
295095132,4199350.0,-292848.0,,,,
295097774,185591000.0,-4391360.0,8012.0,3.0,704.0,1261.0
1013267,55014900.0,-2726990.0,8014.0,4.0,209.0,1122.0
1013191,112268000.0,-25803100.0,8014.0,8.0,326.0,1122.0
1013203,51266200.0,-7961660.0,8012.0,7.0,178.0,1122.0
2036986,640670000.0,-15963000.0,8013.0,3.0,2017.0,1251.0
2039727,975081000.0,-41089600.0,8011.0,8.0,1799.0,1220.0
1013045,86925200.0,-1784450.0,8011.0,6.0,136.0,1122.0
295081246,11009800.0,-525700.0,,,,
295094828,22867500.0,-2532520.0,,,,
1012871,119132000.0,-9548480.0,8011.0,6.0,287.0,1122.0
295113055,81345400.0,-3136580.0,8021.0,7.0,207.0,1130.0
1012928,90951200.0,-6067960.0,8013.0,5.0,205.0,1122.0
1012998,64060200.0,-11590600.0,8013.0,7.0,225.0,1122.0
1012936,85789100.0,-6264460.0,8012.0,6.0,224.0,1122.0
1013252,37561900.0,-40039000.0,8015.0,10.0,248.0,1122.0
295094779,4170590.0,-439301.0,,,,
1013079,210175000.0,-5087230.0,8012.0,8.0,423.0,1122.0
2037904,145086000.0,-2789320.0,8018.0,6.0,413.0,1122.0
2039725,125538000.0,-3367010.0,8018.0,7.0,448.0,1122.0
1013070,285093000.0,-7580960.0,8013.0,8.0,518.0,1130.0
295134826,271117000.0,-9324560.0,,,,
1012862,136878000.0,-3313110.0,8012.0,5.0,278.0,1122.0
1012973,110807000.0,-18336500.0,8013.0,7.0,374.0,1122.0
1012904,82602900.0,-4493050.0,8011.0,5.0,217.0,1122.0
1013269,137671000.0,-36490500.0,8017.0,7.0,748.0,1122.0
1012974,83862500.0,-10735400.0,8011.0,6.0,310.0,1122.0
1012868,115729000.0,-17136600.0,8011.0,7.0,310.0,1122.0
2037442,74936400.0,-3147510.0,8018.0,8.0,277.0,1122.0
1013234,90254800.0,-27219100.0,8013.0,8.0,274.0,1122.0
295101806,9286380.0,-635371.0,,,,
295094177,2519140000.0,-52729800.0,,,,
1013161,54682600.0,-13521100.0,8014.0,7.0,247.0,1122.0
295010323,30916700.0,-15305300.0,8020.0,7.0,249.0,1122.0
1012976,80008800.0,-942177.0,8011.0,3.0,244.0,1121.0
295111490,181829000.0,-5892010.0,8021.0,8.0,449.0,1122.0
2037853,581842000.0,-24050300.0,8011.0,5.0,1121.0,1261.0
9059028,580180000.0,-20632600.0,8012.0,5.0,1084.0,1220.0
2038199,126552000.0,-2743680.0,8014.0,6.0,339.0,1121.0
295080440,35100900.0,-1057790.0,,,,
1013232,92130900.0,-17228000.0,8013.0,7.0,241.0,1122.0
1012858,49078500.0,-2518620.0,8015.0,4.0,194.0,1122.0
2039718,80567300.0,-2281230.0,8018.0,7.0,283.0,1122.0
1013099,80536900.0,-2532430.0,8017.0,8.0,276.0,1122.0
295087674,1936500.0,-180673.0,,,,
1012856,49746100.0,-2469890.0,8015.0,4.0,193.0,1122.0
295095849,7552640.0,-19372.7,,,,
295083698,35107000.0,-1679380.0,8011.0,1.0,112.0,1252.0
295097377,751806.0,-18222.4,,,,
295102034,3736400.0,-121658.0,,,,
295102558,13903100.0,-511960.0,,,,
2038233,285559000.0,-10875200.0,8014.0,7.0,629.0,1220.0
1013152,44035500.0,-125903000.0,8014.0,13.0,326.0,1122.0
1013295,74768500.0,-6754130.0,8011.0,6.0,214.0,1122.0
295079700,5461220.0,-137254.0,,,,
1013262,77065700.0,-9887490.0,8011.0,7.0,211.0,1122.0
295101759,8708810.0,-376378.0,,,,
295080524,3618860.0,-68834.5,,,,
295060367,67012800.0,-2325400.0,8021.0,6.0,286.0,1122.0
1012870,80997200.0,-10617900.0,8011.0,7.0,222.0,1122.0
295080443,19523800.0,-1623280.0,8014.0,1.0,86.0,1252.0
2037101,50520700.0,-1689980.0,8012.0,3.0,215.0,1251.0
1013257,105311000.0,-12462700.0,8012.0,7.0,235.0,1122.0
1012879,71952100.0,-7161120.0,8012.0,6.0,203.0,1122.0
1012851,74010800.0,-5904430.0,8011.0,5.0,202.0,1122.0
1012908,44848800.0,-10180000.0,8014.0,7.0,193.0,1122.0
295101758,34337600.0,-980649.0,,,,
295095063,2635100.0,-132120.0,,,,
295081226,10842400.0,-165581.0,,,,
295095357,47011600.0,-1011370.0,,,,
1013291,80252200.0,-2013770.0,8012.0,6.0,174.0,1122.0
1013053,78118100.0,-1642040.0,8011.0,6.0,146.0,1122.0
295103728,25528000.0,-105863.0,,,,
1012978,48947500.0,-1203940.0,8017.0,6.0,180.0,1122.0
1013024,82952100.0,-1537470.0,8011.0,6.0,152.0,1122.0
295094843,8184740.0,-66604.9,,1.0,46.0,1251.0
295139751,3359850.0,-406586.0,,,,
2036979,918253000.0,-8138530.0,8011.0,2.0,1566.0,1263.0
295516186,8372780.0,-443528.0,,,,
1012979,162484000.0,-7677480.0,8013.0,7.0,363.0,1122.0
1012981,132200000.0,-18534300.0,8013.0,7.0,327.0,1122.0
1013221,156101000.0,-4718740.0,8011.0,6.0,249.0,1122.0
1012931,75592300.0,-7420120.0,8011.0,6.0,255.0,1122.0
295079709,1774660.0,-105200.0,,,,
295101045,24383300.0,-2569790.0,,,,
1013225,98075400.0,-8870500.0,8011.0,6.0,247.0,1122.0
1013180,75898800.0,-43571500.0,8014.0,10.0,289.0,1122.0
295116925,76202000.0,-2430780.0,8012.0,5.0,206.0,1122.0
1013124,77147400.0,-5177110.0,8012.0,6.0,226.0,1122.0
1013219,58988100.0,-18689800.0,8011.0,8.0,247.0,1122.0
2039717,81681900.0,-2286050.0,8018.0,8.0,231.0,1122.0
1012892,63432800.0,-20991400.0,8012.0,8.0,229.0,1122.0
295030288,163828000.0,-4683380.0,8020.0,4.0,411.0,1220.0
1013036,117828000.0,-1498280.0,8016.0,6.0,413.0,1122.0
1012987,94100100.0,-8220080.0,8011.0,6.0,227.0,1122.0
295081033,42954400.0,-1744580.0,8013.0,1.0,315.0,1272.0
295081243,49999100.0,-2064210.0,8017.0,2.0,303.0,1252.0
1012874,88425900.0,-7056480.0,8011.0,6.0,230.0,1122.0
1013280,72094100.0,-3178480.0,8016.0,8.0,150.0,1122.0
1012881,94362500.0,-20517900.0,8012.0,6.0,246.0,1122.0
1013229,97278900.0,-8630390.0,8011.0,6.0,245.0,1122.0
1013245,63424300.0,-11495100.0,8013.0,7.0,182.0,1122.0
1013090,80137200.0,-11928800.0,8012.0,7.0,202.0,1122.0
295101816,14917700.0,-1376100.0,,,,
295096280,1100650.0,-102284.0,,,,
295095340,769924.0,-16120.0,,,,
295097004,17090100.0,-92953.6,,,,
295094780,1095780.0,-131586.0,,,,
2037445,87357900.0,-4406350.0,8018.0,9.0,329.0,1122.0
1013188,114827000.0,-25286400.0,8014.0,8.0,326.0,1122.0
1012896,102876000.0,-25844100.0,8012.0,8.0,319.0,1122.0
1013128,142711000.0,-2583390.0,8011.0,6.0,252.0,1122.0
1013167,75084100.0,-12415100.0,8012.0,7.0,251.0,1122.0
1013159,74854600.0,-15516800.0,8014.0,7.0,250.0,1122.0
1013218,90962400.0,-8560540.0,8011.0,6.0,250.0,1122.0
1012991,79283000.0,-2725180.0,8012.0,7.0,145.0,1122.0
295085068,58577400.0,-1079990.0,8021.0,5.0,138.0,1122.0
295096733,23978500.0,-2609710.0,,,,
1012912,109090000.0,-2127640.0,8019.0,7.0,303.0,1122.0
1013004,78507500.0,-5745390.0,8012.0,6.0,228.0,1122.0
1013224,97205300.0,-8717380.0,8011.0,6.0,246.0,1122.0
295101765,18894900.0,-895878.0,,,,
295095118,4815210.0,-54536.5,,,,
2039710,117235000.0,-3180970.0,8013.0,3.0,435.0,1220.0
295094875,562051000.0,-17419500.0,8012.0,5.0,1097.0,1261.0
1012913,99715600.0,-2394870.0,8012.0,6.0,165.0,1122.0
2038019,526809000.0,-58599900.0,8014.0,,6127.0,1251.0
2037122,185885000.0,-28437500.0,8012.0,6.0,582.0,1230.0
2037814,165557000.0,-6285170.0,8015.0,2.0,585.0,1263.0
1013091,154839000.0,-4546830.0,8017.0,8.0,382.0,1122.0
1013125,129248000.0,-2489340.0,8011.0,6.0,257.0,1122.0
3131675,24969300.0,-54194500.0,8019.0,9.0,369.0,1122.0
295030365,142478000.0,-19391800.0,8020.0,8.0,354.0,1263.0
2038200,142626000.0,-2459540.0,8014.0,6.0,341.0,1121.0
1013094,80615100.0,-2495100.0,8017.0,8.0,276.0,1122.0
2037896,66761200.0,-1612100.0,8011.0,2.0,265.0,1220.0
1012969,99505400.0,-7677530.0,8015.0,8.0,263.0,1122.0
1012939,113428000.0,-2317870.0,8011.0,4.0,269.0,1122.0
295112328,130803000.0,-9165500.0,8022.0,9.0,261.0,1130.0
1013256,156043000.0,-5601010.0,8012.0,7.0,241.0,1122.0
1013144,120471000.0,-2572400.0,8011.0,7.0,216.0,1122.0
1013259,75360400.0,-11256900.0,8012.0,7.0,235.0,1122.0
1012977,47336000.0,-1159760.0,8017.0,6.0,183.0,1122.0
295080529,1661800.0,-102533.0,,,,
1012861,50286700.0,-2369520.0,8015.0,4.0,189.0,1122.0
295095131,1586490.0,-246891.0,,,,
295094179,3284430.0,-74559.1,,,,
295095857,5764280.0,-130806.0,8012.0,1.0,27.0,1251.0
295081094,9484140.0,-516908.0,,,,
1013002,59381200.0,-4238790.0,8012.0,6.0,162.0,1122.0
1013281,12265800.0,-27376200.0,8016.0,9.0,179.0,1122.0
295103532,6962840.0,-627.773,,,,
295087309,65532800.0,-2684230.0,,,,
295079680,5076070.0,-270396.0,,,,
295079679,4846820.0,-309397.0,,,,
2039261,318208000.0,-15834500.0,8014.0,7.0,672.0,1263.0
1012850,119148000.0,-15108100.0,8011.0,6.0,324.0,1122.0
1013165,51453900.0,-119263000.0,8014.0,13.0,325.0,1122.0
1012959,235197000.0,-2777000.0,8013.0,1.0,1427.0,1265.0
1013204,158751000.0,-3342780.0,8012.0,5.0,259.0,1122.0
295101082,1040250.0,-155792.0,,,,
1013044,79710300.0,-1506640.0,8011.0,6.0,144.0,1122.0
1013030,82808500.0,-2255770.0,8012.0,6.0,141.0,1122.0
295081448,12621700.0,-191989.0,,,,
295079698,18386600.0,-21376.6,,,,
295101763,5434700.0,-176416.0,,,,
1013050,102732000.0,-4528790.0,8016.0,9.0,288.0,1122.0
1013283,76211300.0,-10451500.0,8011.0,7.0,209.0,1122.0
1012937,62046100.0,-11742200.0,8013.0,7.0,205.0,1122.0
1013064,50755000.0,-3943330.0,8013.0,5.0,226.0,1122.0
295104837,229276000.0,-9222340.0,8017.0,4.0,581.0,1261.0
2037816,78039600.0,-29025.2,8014.0,1.0,894.0,1242.0
1012953,118818000.0,-39817900.0,8014.0,7.0,791.0,1122.0
1013107,1353680000.0,-22977200.0,8011.0,3.0,2791.0,1274.0
1013263,176460000.0,-30546000.0,8011.0,7.0,557.0,1122.0
2036987,488744000.0,-13468600.0,8011.0,3.0,962.0,1220.0
1013223,156453000.0,-8871590.0,8013.0,3.0,492.0,1110.0
2037446,141771000.0,-6745910.0,8018.0,9.0,519.0,1122.0
1013172,51543200.0,-13088100.0,8011.0,8.0,168.0,1122.0
1012859,108048000.0,-11926000.0,8012.0,6.0,337.0,1122.0
1012961,167293000.0,-6884930.0,8012.0,6.0,347.0,1122.0
2039712,103600000.0,-2579460.0,8013.0,3.0,356.0,1220.0
2038111,99301800.0,-2136710.0,8018.0,7.0,344.0,1122.0
1013198,78288300.0,-13965600.0,8013.0,7.0,304.0,1122.0
295009895,148848000.0,-4973580.0,8013.0,5.0,393.0,1220.0
2750089,92967700.0,-9186790.0,8011.0,6.0,221.0,1122.0
295096301,282064000.0,-17519800.0,8014.0,6.0,906.0,1220.0
1012985,97286400.0,-10602800.0,8011.0,6.0,282.0,1122.0
1012962,46659800.0,-7914880.0,8019.0,6.0,238.0,1122.0
1013092,79873400.0,-2476050.0,8017.0,8.0,276.0,1122.0
1013146,160628000.0,-4255770.0,8013.0,7.0,256.0,1122.0
1013108,88109000.0,-8232660.0,8012.0,6.0,262.0,1122.0
1013239,136713000.0,-10159800.0,8012.0,6.0,278.0,1122.0
1013042,64502500.0,-21269700.0,8013.0,8.0,258.0,1122.0
1013175,40015600.0,-17696700.0,8013.0,8.0,246.0,1122.0
1012984,72960300.0,-7456280.0,8012.0,6.0,215.0,1122.0
1013258,107885000.0,-12684900.0,8012.0,7.0,241.0,1122.0
1012889,76484600.0,-13290200.0,8011.0,7.0,235.0,1122.0
1013216,75097600.0,-10176000.0,8011.0,7.0,184.0,1122.0
1012863,62045100.0,-7986740.0,8012.0,6.0,202.0,1122.0
295081238,7464980.0,-481531.0,,,,
295094207,9061400.0,-159030.0,,,,
295096281,1087190.0,-96993.7,,,,
295096976,23058400.0,-2245830.0,,,,
295094829,23006300.0,-2526100.0,,,,
2039716,1301090000.0,-38701200.0,8013.0,4.0,3159.0,1241.0
295095358,1021520.0,-13022.0,,,,
1013215,67178900.0,-5242700.0,8012.0,6.0,167.0,1122.0
1013282,56859900.0,-5692730.0,8012.0,6.0,173.0,1122.0
1012916,82266200.0,-2295950.0,8011.0,5.0,169.0,1122.0
1013207,97082900.0,-1772260.0,8011.0,8.0,166.0,1122.0
1013214,100374000.0,-1243120.0,8011.0,6.0,161.0,1122.0
295102607,32816300.0,-2550810.0,,,,
295094186,7538500.0,-78031.9,,,,
295127868,128866000.0,-7199210.0,8022.0,8.0,620.0,1122.0
295514154,718336000.0,-37957800.0,,,,
1013156,85074600.0,-15791500.0,8014.0,7.0,249.0,1122.0
1013237,95972400.0,-2979260.0,8011.0,1.0,269.0,1251.0
1013286,108429000.0,-2017570.0,8011.0,6.0,195.0,1122.0
1013062,46802300.0,-6993080.0,8013.0,6.0,214.0,1122.0
1013265,80647700.0,-13349500.0,8012.0,7.0,229.0,1122.0
295096984,25102100.0,-201358.0,,1.0,37.0,1251.0
1012943,53073700.0,-2677600.0,8019.0,5.0,224.0,1122.0
1013077,61818400.0,-10267000.0,8011.0,7.0,225.0,1122.0
1012970,136630000.0,-4654510.0,8011.0,6.0,232.0,1122.0
1012903,93417300.0,-8745890.0,8011.0,6.0,248.0,1122.0
1012899,142476000.0,-14466300.0,8016.0,8.0,432.0,1264.0
1013019,66365100.0,-3514350.0,8011.0,5.0,161.0,1122.0
1013270,186109000.0,-85019800.0,8014.0,9.0,850.0,1122.0
2038336,312901000.0,-13897800.0,8013.0,6.0,749.0,1220.0
295080444,650952000.0,-29515700.0,8018.0,2.0,6575.0,1241.0
1013080,115887000.0,-35001800.0,8012.0,8.0,500.0,1122.0
295116928,154535000.0,-3230100.0,8012.0,4.0,396.0,1122.0
2036988,111076000.0,-7364680.0,8020.0,2.0,806.0,1220.0
2039335,123621000.0,-4896760.0,8019.0,8.0,315.0,1122.0
2037889,12506500.0,-4624610.0,,,262.0,1230.0
1012906,136406000.0,-10191300.0,8011.0,6.0,282.0,1122.0
1013187,124860000.0,-21856300.0,8014.0,8.0,271.0,1122.0
1012919,132338000.0,-2779220.0,8011.0,3.0,246.0,1110.0
1013287,78598700.0,-9106700.0,8012.0,6.0,243.0,1122.0
1013087,58998400.0,-15749000.0,8012.0,8.0,242.0,1122.0
1013240,68169300.0,-2742640.0,8018.0,9.0,223.0,1122.0
1012865,73241700.0,-5921220.0,8012.0,5.0,201.0,1122.0
1012944,111367000.0,-1604850.0,8011.0,5.0,189.0,1122.0
1012907,94989500.0,-4869540.0,8012.0,5.0,186.0,1122.0
1013015,38444700.0,-11490400.0,8020.0,6.0,174.0,1122.0
295099699,882270.0,-61102.6,,,,
1013025,78619300.0,-1930580.0,8011.0,6.0,147.0,1122.0
295103727,20453300.0,-681639.0,,,,
1012915,89527700.0,-5623040.0,8011.0,5.0,171.0,1122.0
295101787,8247510.0,-211421.0,,,,
295101643,7060100.0,-37941.8,8014.0,1.0,49.0,1242.0
295095062,8050910.0,-642385.0,,,,
295081205,5137770.0,-236486.0,,,,
2037880,428615000.0,-47253000.0,8013.0,6.0,2964.0,1230.0
2037099,70821000.0,-14353200.0,8015.0,7.0,196.0,1122.0
2037954,136151000.0,-4821050.0,8012.0,6.0,249.0,1220.0
1012925,131692000.0,-3249770.0,8012.0,7.0,255.0,1122.0
295081201,3308250000.0,-43789600.0,8014.0,1.0,16575.0,1252.0
1013190,122884000.0,-22223800.0,8014.0,8.0,269.0,1122.0
1013193,112174000.0,-25166000.0,8014.0,8.0,269.0,1122.0
2037883,23411800.0,-1358460.0,8014.0,1.0,269.0,1230.0
295080453,3271400.0,-398185.0,,,,
1013140,108285000.0,-8476360.0,8011.0,6.0,197.0,1122.0
295132125,683061.0,-58286.8,,,,
2038398,19788400.0,-137548.0,8017.0,1.0,175.0,1230.0
1013264,49581300.0,-4941720.0,8011.0,6.0,136.0,1122.0
295101589,11259700.0,-1515390.0,8013.0,1.0,135.0,1251.0
295101080,3252390.0,-1854570.0,,,,
2038945,76707300.0,-273153.0,,,566.0,1242.0
2037285,161270000.0,-5150630.0,8012.0,6.0,297.0,1121.0
1013109,97697800.0,-6881570.0,8011.0,6.0,286.0,1122.0
2039729,65523100.0,-1663220.0,8018.0,7.0,225.0,1122.0
1013037,117665000.0,-12597000.0,8012.0,6.0,463.0,1122.0
